player_id,install_date,platform,region,skill_factor,spender
P00001,2026-03-23,PC,NA-West,1.441,1
P00002,2026-01-14,PC,LATAM,0.672,0
P00003,2026-01-12,PC,NA-West,1.081,0
P00004,2026-03-31,Xbox,EU,0.763,0
P00005,2026-01-01,PS5,EU,1.011,0
P00006,2026-01-28,PC,LATAM,1.306,1
P00007,2026-02-14,Xbox,LATAM,0.495,0
P00008,2026-02-18,Xbox,EU,1.257,0
P00009,2026-04-01,PS5,NA-East,1.467,0
P00010,2026-01-13,PS5,NA-West,0.719,0
P00011,2026-01-27,Xbox,NA-East,0.738,0
P00012,2026-01-22,PS5,LATAM,0.744,0
P00013,2026-03-23,PS5,NA-East,0.907,0
P00014,2026-01-05,PC,NA-West,1.12,0
P00015,2026-03-14,Xbox,LATAM,1.217,0
P00016,2026-03-24,PC,EU,0.735,0
P00017,2026-02-24,PC,NA-West,1.283,0
P00018,2026-01-12,PC,NA-West,1.025,0
P00019,2026-02-24,Xbox,LATAM,0.716,0
P00020,2026-03-12,Xbox,NA-East,1.034,0
P00021,2026-03-10,PS5,NA-East,1.003,0
P00022,2026-01-21,Xbox,EU,0.2,0
P00023,2026-01-23,Xbox,EU,0.834,0
P00024,2026-03-06,PC,NA-East,0.844,0
P00025,2026-03-04,PS5,NA-West,1.799,1
P00026,2026-03-14,PS5,NA-East,1.14,0
P00027,2026-03-10,PS5,NA-West,1.018,0
P00028,2026-03-19,Xbox,NA-West,0.786,0
P00029,2026-02-21,PS5,LATAM,1.507,1
P00030,2026-01-29,Xbox,NA-West,1.066,0
P00031,2026-01-01,PC,NA-East,1.446,0
P00032,2026-02-12,Xbox,LATAM,1.233,0
P00033,2026-01-17,Xbox,LATAM,0.879,0
P00034,2026-03-02,PC,LATAM,1.08,0
P00035,2026-02-22,Xbox,NA-East,0.446,1
P00036,2026-02-13,PC,NA-West,1.053,0
P00037,2026-01-18,PC,NA-East,0.751,0
P00038,2026-03-12,Xbox,NA-East,1.415,0
P00039,2026-01-31,PC,LATAM,1.203,0
P00040,2026-01-22,PS5,LATAM,0.263,1
P00041,2026-03-31,Xbox,LATAM,2.0,0
P00042,2026-02-07,Xbox,NA-East,1.024,0
P00043,2026-01-08,Xbox,NA-West,1.379,1
P00044,2026-03-07,Xbox,NA-East,1.197,0
P00045,2026-01-31,Xbox,NA-West,0.314,0
P00046,2026-01-06,Xbox,EU,0.733,0
P00047,2026-01-27,PS5,LATAM,0.853,0
P00048,2026-03-24,PC,NA-East,0.906,0
P00049,2026-03-14,PC,EU,1.136,1
P00050,2026-02-14,PS5,EU,1.527,0
P00051,2026-03-11,Xbox,NA-East,0.861,0
P00052,2026-03-12,PC,EU,0.842,1
P00053,2026-01-14,PS5,NA-West,0.99,0
P00054,2026-01-27,Xbox,LATAM,0.738,0
P00055,2026-01-07,PS5,NA-East,1.307,1
P00056,2026-01-17,Xbox,LATAM,0.822,0
P00057,2026-02-24,Xbox,NA-West,0.842,0
P00058,2026-02-17,PC,NA-East,0.828,0
P00059,2026-01-06,PC,NA-East,1.194,0
P00060,2026-03-13,Xbox,NA-West,1.267,0
P00061,2026-01-31,PC,LATAM,1.631,0
P00062,2026-02-12,Xbox,NA-West,1.073,0
P00063,2026-03-31,PS5,NA-West,1.552,1
P00064,2026-02-28,PC,NA-West,0.62,1
P00065,2026-01-25,PC,EU,0.773,0
P00066,2026-03-07,Xbox,EU,0.203,0
P00067,2026-01-15,Xbox,EU,1.195,1
P00068,2026-03-18,PS5,LATAM,0.482,0
P00069,2026-03-07,PC,EU,1.561,1
P00070,2026-02-25,Xbox,NA-West,1.798,0
P00071,2026-01-09,Xbox,EU,1.748,0
P00072,2026-01-16,PS5,LATAM,0.944,0
P00073,2026-03-31,PS5,LATAM,0.948,0
P00074,2026-01-23,Xbox,NA-East,0.778,0
P00075,2026-01-27,Xbox,EU,0.583,0
P00076,2026-02-26,Xbox,NA-West,0.811,0
P00077,2026-02-06,PS5,NA-East,0.507,0
P00078,2026-01-31,PC,NA-West,0.884,0
P00079,2026-02-01,PC,LATAM,1.479,0
P00080,2026-03-22,PS5,LATAM,0.505,0
P00081,2026-01-19,PC,LATAM,0.979,0
P00082,2026-03-31,PC,NA-East,0.888,0
P00083,2026-03-01,Xbox,EU,0.485,0
P00084,2026-02-26,Xbox,LATAM,0.576,0
P00085,2026-03-12,PS5,LATAM,0.806,0
P00086,2026-02-01,Xbox,LATAM,1.151,0
P00087,2026-02-05,PC,EU,0.486,0
P00088,2026-03-11,PS5,NA-West,1.175,0
P00089,2026-01-09,PS5,LATAM,0.73,1
P00090,2026-02-23,Xbox,NA-East,0.539,0
P00091,2026-03-15,PS5,EU,0.972,0
P00092,2026-02-23,Xbox,NA-West,0.446,0
P00093,2026-02-04,PS5,LATAM,0.922,0
P00094,2026-03-01,Xbox,NA-East,1.861,0
P00095,2026-03-17,Xbox,LATAM,0.925,0
P00096,2026-03-01,PS5,NA-West,1.113,0
P00097,2026-02-13,PS5,EU,1.024,0
P00098,2026-03-02,PS5,NA-West,1.433,0
P00099,2026-03-25,PC,NA-West,1.085,0
P00100,2026-03-21,Xbox,NA-East,1.105,0
P00101,2026-01-28,PS5,NA-West,0.737,0
P00102,2026-01-15,PS5,NA-East,1.036,0
P00103,2026-02-09,PS5,LATAM,0.32,0
P00104,2026-01-26,Xbox,NA-West,1.476,1
P00105,2026-02-08,PC,NA-East,1.279,0
P00106,2026-02-24,Xbox,EU,0.93,1
P00107,2026-02-23,PS5,LATAM,1.073,0
P00108,2026-02-25,Xbox,EU,1.19,0
P00109,2026-03-10,Xbox,EU,1.06,0
P00110,2026-02-01,PS5,NA-West,1.072,0
P00111,2026-03-14,PC,LATAM,0.737,0
P00112,2026-01-24,PS5,EU,0.673,0
P00113,2026-03-18,PC,NA-West,0.915,0
P00114,2026-02-22,Xbox,LATAM,0.412,0
P00115,2026-03-04,PS5,NA-West,0.938,0
P00116,2026-02-01,PS5,EU,0.84,0
P00117,2026-03-12,PS5,EU,0.735,1
P00118,2026-01-16,Xbox,NA-West,0.945,0
P00119,2026-03-03,Xbox,EU,0.923,0
P00120,2026-01-25,PS5,NA-East,0.905,0
P00121,2026-01-17,Xbox,EU,0.856,0
P00122,2026-01-17,PC,NA-East,0.621,0
P00123,2026-03-02,PC,EU,0.683,0
P00124,2026-03-03,PS5,NA-East,1.097,0
P00125,2026-03-29,Xbox,EU,1.188,1
P00126,2026-02-01,Xbox,NA-West,1.438,0
P00127,2026-02-18,Xbox,LATAM,0.64,0
P00128,2026-03-21,PC,NA-West,1.826,0
P00129,2026-02-03,PC,NA-East,0.891,0
P00130,2026-02-22,PS5,NA-East,0.553,1
P00131,2026-04-01,PC,NA-West,0.858,0
P00132,2026-03-22,PC,LATAM,0.466,0
P00133,2026-01-29,PC,NA-East,0.541,0
P00134,2026-02-09,PS5,LATAM,0.46,0
P00135,2026-03-30,PS5,LATAM,0.882,0
P00136,2026-03-18,PS5,EU,1.361,1
P00137,2026-01-30,Xbox,NA-East,1.647,0
P00138,2026-03-28,PC,LATAM,1.199,0
P00139,2026-02-26,Xbox,LATAM,1.191,0
P00140,2026-03-04,PS5,EU,1.387,0
P00141,2026-01-14,Xbox,LATAM,1.196,0
P00142,2026-02-21,PS5,NA-East,1.172,0
P00143,2026-02-11,Xbox,NA-East,1.449,0
P00144,2026-03-11,Xbox,EU,0.886,0
P00145,2026-03-05,PC,EU,0.583,0
P00146,2026-02-06,PC,NA-East,0.499,0
P00147,2026-03-19,PS5,NA-East,1.168,0
P00148,2026-01-12,PC,LATAM,1.106,0
P00149,2026-03-24,Xbox,EU,1.203,0
P00150,2026-02-04,PS5,NA-West,0.654,0
P00151,2026-01-19,Xbox,NA-West,0.412,0
P00152,2026-02-05,PS5,EU,1.098,0
P00153,2026-02-06,Xbox,LATAM,0.9,0
P00154,2026-02-27,Xbox,LATAM,0.687,0
P00155,2026-02-11,PC,LATAM,1.672,0
P00156,2026-02-22,Xbox,LATAM,1.557,0
P00157,2026-03-26,PC,LATAM,1.134,0
P00158,2026-01-17,PC,LATAM,0.533,1
P00159,2026-02-28,Xbox,NA-West,1.194,1
P00160,2026-02-03,Xbox,NA-East,0.716,0
P00161,2026-03-28,PS5,LATAM,1.217,0
P00162,2026-01-05,Xbox,EU,0.811,0
P00163,2026-01-12,Xbox,NA-East,0.854,0
P00164,2026-03-30,PS5,NA-East,0.974,0
P00165,2026-02-17,PS5,NA-West,0.763,1
P00166,2026-01-11,Xbox,NA-West,0.734,0
P00167,2026-03-16,PS5,LATAM,1.242,1
P00168,2026-01-02,PS5,NA-West,1.315,0
P00169,2026-02-14,PS5,EU,1.294,0
P00170,2026-02-08,PS5,NA-East,1.108,1
P00171,2026-03-15,Xbox,EU,0.815,1
P00172,2026-03-26,Xbox,NA-East,0.965,0
P00173,2026-03-05,PC,EU,1.376,0
P00174,2026-01-25,Xbox,NA-West,0.618,0
P00175,2026-03-22,PS5,NA-East,0.818,0
P00176,2026-01-17,Xbox,LATAM,1.247,1
P00177,2026-01-17,PS5,EU,1.163,0
P00178,2026-02-02,PS5,EU,1.721,0
P00179,2026-03-01,PC,LATAM,1.188,0
P00180,2026-03-13,PC,EU,0.588,0
P00181,2026-02-28,PS5,LATAM,0.605,0
P00182,2026-02-17,PC,EU,1.199,0
P00183,2026-01-29,PS5,EU,0.702,0
P00184,2026-01-15,PS5,LATAM,1.54,1
P00185,2026-01-31,PS5,EU,1.144,0
P00186,2026-03-31,Xbox,NA-West,1.344,0
P00187,2026-03-25,PS5,EU,1.33,1
P00188,2026-02-17,PC,EU,1.078,1
P00189,2026-03-29,Xbox,EU,0.493,1
P00190,2026-02-05,PS5,NA-East,1.066,0
P00191,2026-03-24,PC,EU,0.404,0
P00192,2026-01-17,Xbox,NA-West,1.055,0
P00193,2026-01-30,Xbox,NA-East,0.906,0
P00194,2026-01-19,PC,NA-East,1.435,0
P00195,2026-01-04,PC,EU,1.223,1
P00196,2026-02-03,Xbox,NA-East,1.545,0
P00197,2026-03-02,Xbox,NA-East,0.686,0
P00198,2026-01-29,Xbox,EU,1.098,0
P00199,2026-01-04,PS5,LATAM,1.371,0
P00200,2026-03-04,PC,EU,0.911,0
P00201,2026-01-09,Xbox,EU,1.344,0
P00202,2026-03-18,Xbox,LATAM,0.622,1
P00203,2026-03-31,Xbox,NA-West,1.384,0
P00204,2026-01-30,PS5,LATAM,0.438,0
P00205,2026-02-10,PS5,NA-West,0.536,0
P00206,2026-03-02,PC,LATAM,1.603,1
P00207,2026-02-17,Xbox,EU,1.169,0
P00208,2026-02-22,PS5,NA-East,0.686,0
P00209,2026-03-18,Xbox,NA-West,0.937,1
P00210,2026-03-03,Xbox,EU,1.027,1
P00211,2026-02-05,Xbox,NA-East,0.433,0
P00212,2026-03-26,PC,EU,1.132,0
P00213,2026-02-09,PC,NA-West,1.287,0
P00214,2026-02-21,PC,NA-East,1.521,0
P00215,2026-01-28,PC,EU,0.726,0
P00216,2026-02-11,PC,NA-East,1.076,0
P00217,2026-03-21,PS5,LATAM,1.137,0
P00218,2026-02-26,Xbox,NA-East,0.791,0
P00219,2026-01-15,PS5,EU,0.891,1
P00220,2026-02-20,PC,EU,1.117,0
P00221,2026-01-18,PC,NA-East,1.026,0
P00222,2026-02-25,Xbox,NA-West,1.154,0
P00223,2026-03-27,Xbox,NA-East,1.047,0
P00224,2026-02-28,Xbox,LATAM,1.613,0
P00225,2026-04-01,PS5,NA-East,0.816,0
P00226,2026-01-22,Xbox,EU,1.154,0
P00227,2026-01-14,Xbox,NA-East,1.02,1
P00228,2026-02-09,PC,NA-East,0.993,0
P00229,2026-01-15,PS5,EU,0.774,0
P00230,2026-03-24,PC,EU,1.102,0
P00231,2026-03-19,PC,NA-West,1.338,0
P00232,2026-03-22,Xbox,LATAM,0.414,0
P00233,2026-03-14,PS5,EU,0.36,0
P00234,2026-01-09,PS5,NA-East,0.515,0
P00235,2026-01-10,PC,EU,0.858,0
P00236,2026-01-10,PC,LATAM,0.408,0
P00237,2026-03-12,PC,LATAM,1.55,0
P00238,2026-03-15,PS5,NA-West,0.822,0
P00239,2026-02-27,PS5,NA-East,1.597,0
P00240,2026-01-23,PS5,NA-West,1.532,0
P00241,2026-02-06,Xbox,NA-East,0.541,0
P00242,2026-03-24,Xbox,LATAM,0.841,1
P00243,2026-03-26,PC,EU,1.464,1
P00244,2026-03-26,Xbox,LATAM,1.205,1
P00245,2026-04-01,PS5,EU,1.279,0
P00246,2026-03-27,Xbox,NA-East,0.752,0
P00247,2026-02-24,PS5,NA-West,0.933,0
P00248,2026-02-13,PC,NA-West,1.382,0
P00249,2026-02-07,Xbox,NA-East,1.09,0
P00250,2026-03-21,PC,NA-West,1.231,0
P00251,2026-03-21,PS5,NA-East,1.076,0
P00252,2026-03-28,Xbox,EU,0.824,0
P00253,2026-02-27,PS5,NA-West,1.026,0
P00254,2026-03-15,PS5,LATAM,1.388,0
P00255,2026-02-23,Xbox,NA-West,1.63,0
P00256,2026-01-07,Xbox,NA-East,0.55,0
P00257,2026-03-08,PC,EU,1.17,0
P00258,2026-03-07,PC,LATAM,1.226,0
P00259,2026-01-04,PS5,NA-West,0.697,0
P00260,2026-01-11,PC,EU,0.941,0
P00261,2026-01-18,PS5,NA-West,1.759,0
P00262,2026-03-02,PC,NA-East,0.966,0
P00263,2026-01-20,Xbox,LATAM,0.462,0
P00264,2026-02-06,PC,LATAM,1.014,0
P00265,2026-03-21,PS5,NA-East,0.836,0
P00266,2026-03-15,PS5,NA-East,1.01,0
P00267,2026-01-31,Xbox,NA-East,0.796,0
P00268,2026-02-16,Xbox,NA-East,1.39,0
P00269,2026-03-02,PS5,EU,1.333,0
P00270,2026-02-15,Xbox,NA-East,1.077,0
P00271,2026-02-12,PS5,NA-West,1.218,0
P00272,2026-03-29,Xbox,NA-West,0.474,0
P00273,2026-01-09,PC,EU,0.822,0
P00274,2026-01-26,PS5,LATAM,1.23,0
P00275,2026-03-11,Xbox,NA-West,0.906,0
P00276,2026-01-07,PC,EU,1.209,0
P00277,2026-02-21,PS5,EU,0.969,0
P00278,2026-03-05,Xbox,EU,0.881,0
P00279,2026-02-24,PC,EU,1.418,0
P00280,2026-01-11,PS5,LATAM,0.862,1
P00281,2026-02-26,PS5,LATAM,0.939,0
P00282,2026-01-08,PS5,NA-West,1.444,0
P00283,2026-01-19,PS5,NA-East,1.306,0
P00284,2026-01-31,PS5,NA-East,1.06,0
P00285,2026-03-28,PS5,NA-East,0.68,0
P00286,2026-03-09,PS5,NA-West,0.796,0
P00287,2026-01-04,PS5,NA-East,0.963,0
P00288,2026-02-03,Xbox,EU,0.931,0
P00289,2026-03-04,PC,LATAM,1.058,1
P00290,2026-02-26,PS5,EU,1.638,0
P00291,2026-03-12,PC,NA-West,0.288,0
P00292,2026-03-07,PC,NA-West,1.164,0
P00293,2026-01-04,PS5,NA-West,0.707,0
P00294,2026-01-12,Xbox,LATAM,1.323,0
P00295,2026-02-22,PS5,NA-East,1.061,0
P00296,2026-03-29,Xbox,NA-West,0.818,0
P00297,2026-01-17,PC,NA-East,0.299,0
P00298,2026-02-08,Xbox,NA-West,1.158,0
P00299,2026-03-08,PS5,NA-West,1.535,0
P00300,2026-03-12,Xbox,NA-East,0.925,0
P00301,2026-01-22,PC,EU,0.613,0
P00302,2026-03-14,PC,NA-East,1.676,0
P00303,2026-03-15,Xbox,LATAM,0.978,0
P00304,2026-01-04,PS5,EU,0.508,0
P00305,2026-03-29,Xbox,NA-East,0.68,1
P00306,2026-02-23,Xbox,NA-West,0.765,0
P00307,2026-02-10,PS5,NA-West,0.931,0
P00308,2026-03-07,PS5,NA-East,0.716,0
P00309,2026-02-01,PS5,LATAM,1.071,0
P00310,2026-01-21,Xbox,EU,1.317,0
P00311,2026-01-21,PS5,EU,0.579,0
P00312,2026-01-12,PC,NA-West,1.391,0
P00313,2026-01-07,Xbox,LATAM,1.389,0
P00314,2026-01-02,PS5,EU,1.213,0
P00315,2026-02-16,Xbox,NA-West,1.109,0
P00316,2026-02-06,Xbox,EU,1.371,0
P00317,2026-03-21,PC,LATAM,0.925,0
P00318,2026-02-13,PC,NA-West,0.688,0
P00319,2026-02-21,PC,EU,0.893,0
P00320,2026-03-08,Xbox,NA-West,0.539,0
P00321,2026-03-20,Xbox,EU,0.854,0
P00322,2026-03-06,Xbox,EU,1.204,0
P00323,2026-01-03,PS5,EU,0.645,0
P00324,2026-03-30,PS5,NA-West,0.675,0
P00325,2026-03-16,Xbox,LATAM,0.577,1
P00326,2026-03-29,Xbox,NA-East,1.022,1
P00327,2026-02-26,Xbox,NA-West,0.922,0
P00328,2026-03-20,Xbox,NA-East,1.624,0
P00329,2026-03-08,Xbox,LATAM,1.082,0
P00330,2026-02-10,Xbox,EU,1.374,0
P00331,2026-03-28,Xbox,EU,1.077,0
P00332,2026-01-25,PS5,NA-West,1.273,0
P00333,2026-02-08,Xbox,LATAM,1.073,0
P00334,2026-02-14,Xbox,EU,0.241,0
P00335,2026-03-15,PS5,EU,0.848,0
P00336,2026-01-19,Xbox,NA-East,0.928,0
P00337,2026-02-26,PC,NA-West,0.677,0
P00338,2026-02-04,PC,NA-East,1.493,0
P00339,2026-03-17,Xbox,NA-West,1.008,0
P00340,2026-01-07,PS5,NA-East,1.253,0
P00341,2026-01-18,PC,LATAM,1.442,0
P00342,2026-03-02,PS5,EU,0.769,0
P00343,2026-01-08,Xbox,NA-West,1.127,0
P00344,2026-01-05,PC,NA-East,1.186,0
P00345,2026-02-20,Xbox,EU,1.053,0
P00346,2026-01-02,PS5,EU,0.858,0
P00347,2026-03-24,PC,LATAM,0.607,0
P00348,2026-01-15,Xbox,EU,0.725,0
P00349,2026-01-02,Xbox,NA-West,0.948,0
P00350,2026-03-23,Xbox,EU,1.523,0
P00351,2026-03-27,PS5,EU,1.817,0
P00352,2026-01-01,PS5,EU,0.983,0
P00353,2026-03-15,Xbox,NA-West,1.508,1
P00354,2026-01-16,Xbox,EU,0.798,0
P00355,2026-03-23,Xbox,NA-West,1.253,0
P00356,2026-01-18,Xbox,EU,0.618,0
P00357,2026-03-12,Xbox,NA-West,1.503,0
P00358,2026-03-29,PC,LATAM,1.021,0
P00359,2026-02-16,PC,NA-West,1.398,0
P00360,2026-01-20,PS5,NA-East,1.352,0
P00361,2026-03-16,PS5,NA-East,0.253,0
P00362,2026-03-07,Xbox,LATAM,0.611,0
P00363,2026-02-09,PC,NA-West,0.941,0
P00364,2026-01-06,Xbox,NA-East,0.518,0
P00365,2026-01-09,PS5,LATAM,1.394,0
P00366,2026-01-18,Xbox,LATAM,1.096,0
P00367,2026-02-18,PS5,LATAM,0.259,1
P00368,2026-03-26,PS5,NA-East,1.132,0
P00369,2026-03-10,PC,NA-East,0.857,0
P00370,2026-02-08,PS5,LATAM,0.457,0
P00371,2026-02-01,PC,NA-East,0.803,1
P00372,2026-03-26,PC,NA-West,0.479,1
P00373,2026-01-13,Xbox,NA-East,0.684,0
P00374,2026-01-06,PC,NA-East,0.791,1
P00375,2026-02-07,Xbox,EU,1.077,1
P00376,2026-03-28,PC,NA-West,1.107,0
P00377,2026-02-05,Xbox,NA-West,1.791,0
P00378,2026-02-24,PS5,LATAM,0.898,0
P00379,2026-02-10,PS5,LATAM,0.881,0
P00380,2026-03-10,PS5,NA-West,0.328,0
P00381,2026-01-08,Xbox,NA-West,0.2,0
P00382,2026-02-02,PS5,EU,1.146,1
P00383,2026-01-25,Xbox,NA-East,1.323,0
P00384,2026-01-25,Xbox,NA-West,1.157,0
P00385,2026-02-12,PC,NA-West,0.749,0
P00386,2026-01-16,PC,NA-West,0.989,0
P00387,2026-01-31,PS5,LATAM,0.427,0
P00388,2026-02-15,PS5,LATAM,0.881,1
P00389,2026-03-02,PC,EU,1.022,0
P00390,2026-01-06,PC,NA-East,0.771,0
P00391,2026-03-16,PC,NA-West,0.68,0
P00392,2026-02-18,Xbox,EU,0.762,0
P00393,2026-03-04,PS5,LATAM,1.49,0
P00394,2026-02-15,PS5,NA-West,1.271,0
P00395,2026-03-11,Xbox,NA-East,1.877,0
P00396,2026-01-10,PC,LATAM,1.489,0
P00397,2026-03-22,PC,NA-West,1.064,0
P00398,2026-02-17,Xbox,LATAM,1.463,0
P00399,2026-01-03,PC,NA-East,1.443,0
P00400,2026-02-05,Xbox,LATAM,0.72,0
P00401,2026-01-23,PC,NA-West,1.123,1
P00402,2026-03-09,PS5,NA-East,0.995,0
P00403,2026-02-21,Xbox,NA-West,0.747,0
P00404,2026-01-11,PC,NA-East,0.607,0
P00405,2026-02-18,PC,NA-West,0.888,1
P00406,2026-02-25,PC,NA-East,0.807,0
P00407,2026-03-30,PC,NA-East,1.302,0
P00408,2026-02-05,PC,NA-West,1.363,0
P00409,2026-02-10,PC,LATAM,1.237,0
P00410,2026-02-08,PS5,EU,1.136,0
P00411,2026-01-18,PC,EU,1.135,0
P00412,2026-02-25,Xbox,LATAM,1.016,0
P00413,2026-02-11,PS5,LATAM,1.275,0
P00414,2026-03-12,Xbox,LATAM,1.347,0
P00415,2026-03-21,PC,NA-East,0.926,1
P00416,2026-02-18,Xbox,LATAM,0.882,0
P00417,2026-01-14,PS5,EU,1.703,0
P00418,2026-01-14,PS5,LATAM,1.152,1
P00419,2026-01-12,Xbox,EU,0.906,0
P00420,2026-01-02,PC,NA-West,0.91,0
P00421,2026-01-22,PS5,EU,0.916,0
P00422,2026-01-19,PS5,EU,1.345,0
P00423,2026-01-10,Xbox,LATAM,0.459,0
P00424,2026-01-26,PC,LATAM,0.818,0
P00425,2026-03-21,PS5,EU,0.492,0
P00426,2026-03-25,PS5,NA-West,1.187,0
P00427,2026-01-23,PS5,LATAM,1.899,0
P00428,2026-02-01,PS5,EU,0.87,1
P00429,2026-03-14,PC,NA-East,1.373,0
P00430,2026-03-01,PS5,NA-East,1.225,0
P00431,2026-02-22,PS5,NA-West,0.911,0
P00432,2026-01-20,PC,LATAM,0.866,0
P00433,2026-03-03,Xbox,LATAM,0.624,0
P00434,2026-02-16,Xbox,NA-East,0.808,0
P00435,2026-02-01,Xbox,NA-East,0.82,0
P00436,2026-03-24,PS5,LATAM,0.844,0
P00437,2026-01-13,Xbox,NA-West,0.977,0
P00438,2026-02-20,Xbox,NA-West,0.486,0
P00439,2026-01-04,PC,NA-East,0.709,0
P00440,2026-01-19,PC,LATAM,0.814,0
P00441,2026-01-13,PS5,NA-East,0.5,0
P00442,2026-04-01,Xbox,NA-East,1.51,0
P00443,2026-01-22,Xbox,NA-West,1.52,0
P00444,2026-02-12,PC,LATAM,0.2,0
P00445,2026-01-24,PC,NA-West,0.764,0
P00446,2026-02-24,PC,EU,0.581,0
P00447,2026-01-09,Xbox,NA-West,0.445,0
P00448,2026-01-26,PS5,EU,0.737,0
P00449,2026-03-20,PS5,LATAM,0.865,0
P00450,2026-03-28,Xbox,NA-East,0.92,0
P00451,2026-02-10,PC,EU,1.221,0
P00452,2026-03-07,Xbox,LATAM,0.64,0
P00453,2026-03-04,Xbox,NA-West,0.645,0
P00454,2026-03-04,PS5,NA-East,0.946,0
P00455,2026-01-02,PS5,LATAM,0.77,0
P00456,2026-03-04,PS5,NA-West,0.422,1
P00457,2026-01-04,PC,EU,1.07,0
P00458,2026-02-06,Xbox,LATAM,1.19,0
P00459,2026-01-15,Xbox,EU,0.752,0
P00460,2026-01-06,PC,LATAM,1.024,0
P00461,2026-03-25,PC,LATAM,1.002,0
P00462,2026-01-12,PC,NA-West,0.2,0
P00463,2026-03-17,Xbox,LATAM,0.741,0
P00464,2026-01-18,PC,EU,1.139,0
P00465,2026-03-18,Xbox,EU,0.7,0
P00466,2026-02-04,Xbox,NA-East,1.402,0
P00467,2026-02-22,Xbox,NA-West,1.955,0
P00468,2026-01-17,PC,LATAM,1.001,0
P00469,2026-03-15,PS5,LATAM,0.669,0
P00470,2026-01-12,Xbox,EU,0.523,0
P00471,2026-03-04,Xbox,NA-East,0.989,0
P00472,2026-02-28,PC,LATAM,0.642,0
P00473,2026-02-24,PS5,EU,1.185,0
P00474,2026-03-15,PS5,NA-East,1.467,1
P00475,2026-03-22,PC,NA-West,1.082,0
P00476,2026-01-01,Xbox,NA-West,1.369,0
P00477,2026-02-08,PS5,NA-East,1.44,0
P00478,2026-02-02,Xbox,NA-West,1.449,1
P00479,2026-03-22,PC,LATAM,0.815,0
P00480,2026-04-01,PC,NA-West,1.2,0
P00481,2026-03-08,Xbox,EU,0.98,0
P00482,2026-02-24,PC,LATAM,0.863,0
P00483,2026-01-14,PS5,NA-West,1.267,0
P00484,2026-01-18,PC,NA-East,0.669,0
P00485,2026-01-22,Xbox,NA-West,0.479,0
P00486,2026-03-20,PC,NA-East,0.731,0
P00487,2026-01-16,PS5,EU,0.709,0
P00488,2026-02-01,Xbox,EU,0.975,0
P00489,2026-03-30,PS5,NA-West,1.669,0
P00490,2026-03-07,Xbox,NA-East,1.131,0
P00491,2026-01-31,PS5,NA-East,0.829,0
P00492,2026-01-02,PC,LATAM,1.813,0
P00493,2026-03-14,PC,LATAM,0.613,0
P00494,2026-01-10,PS5,NA-West,1.13,1
P00495,2026-01-08,PS5,LATAM,1.334,0
P00496,2026-02-21,Xbox,NA-West,1.377,0
P00497,2026-02-09,PC,EU,1.693,0
P00498,2026-03-23,Xbox,NA-East,1.042,0
P00499,2026-02-25,PC,NA-West,0.915,0
P00500,2026-02-25,PC,EU,1.359,0
P00501,2026-03-26,Xbox,NA-West,0.99,0
P00502,2026-01-21,Xbox,EU,0.677,0
P00503,2026-01-17,Xbox,NA-East,0.999,0
P00504,2026-01-04,Xbox,NA-East,0.811,1
P00505,2026-03-15,Xbox,EU,0.715,0
P00506,2026-03-14,PC,NA-East,1.102,1
P00507,2026-03-07,PC,NA-West,1.692,1
P00508,2026-02-16,PC,LATAM,0.852,1
P00509,2026-02-01,PS5,NA-East,0.517,0
P00510,2026-01-16,PC,NA-West,0.246,0
P00511,2026-01-06,PS5,EU,1.127,0
P00512,2026-02-09,PC,EU,0.793,1
P00513,2026-03-14,PC,LATAM,1.124,0
P00514,2026-03-05,Xbox,NA-West,1.605,0
P00515,2026-02-22,Xbox,NA-East,1.432,0
P00516,2026-01-01,Xbox,EU,1.019,0
P00517,2026-03-09,PC,NA-West,1.363,0
P00518,2026-01-12,Xbox,LATAM,1.244,0
P00519,2026-02-17,Xbox,NA-East,0.439,0
P00520,2026-03-23,Xbox,NA-East,1.059,0
P00521,2026-01-17,PS5,LATAM,1.023,0
P00522,2026-02-11,PC,NA-West,0.884,1
P00523,2026-03-16,PS5,LATAM,1.128,0
P00524,2026-01-16,PC,LATAM,0.2,0
P00525,2026-02-03,Xbox,EU,1.091,0
P00526,2026-03-31,PS5,NA-West,0.806,0
P00527,2026-02-01,PC,EU,1.345,0
P00528,2026-01-23,PS5,NA-West,1.35,1
P00529,2026-01-14,PC,NA-East,1.064,0
P00530,2026-01-29,PS5,NA-East,1.444,0
P00531,2026-02-03,PC,NA-West,1.12,0
P00532,2026-02-26,PS5,NA-East,1.056,1
P00533,2026-03-01,PS5,LATAM,1.755,0
P00534,2026-02-18,PC,NA-West,0.912,0
P00535,2026-02-27,Xbox,NA-West,1.069,0
P00536,2026-03-05,PC,NA-East,0.623,1
P00537,2026-01-18,Xbox,NA-West,0.561,0
P00538,2026-03-11,Xbox,EU,1.293,0
P00539,2026-03-04,PS5,LATAM,0.748,1
P00540,2026-01-04,PS5,NA-East,0.897,0
P00541,2026-03-02,PC,NA-West,0.413,0
P00542,2026-03-26,Xbox,NA-East,1.024,0
P00543,2026-01-29,PS5,EU,0.2,0
P00544,2026-01-23,Xbox,EU,1.21,0
P00545,2026-01-04,Xbox,NA-West,0.906,0
P00546,2026-01-25,PS5,EU,1.331,0
P00547,2026-01-05,PC,NA-East,1.215,0
P00548,2026-01-01,PC,EU,0.763,0
P00549,2026-02-11,Xbox,NA-West,1.184,0
P00550,2026-03-09,PS5,LATAM,1.57,0
P00551,2026-02-13,PC,LATAM,0.939,0
P00552,2026-03-04,Xbox,EU,0.872,0
P00553,2026-03-17,Xbox,EU,1.134,0
P00554,2026-01-01,PS5,NA-East,1.809,0
P00555,2026-02-10,PC,NA-East,1.806,0
P00556,2026-01-19,PS5,EU,0.931,1
P00557,2026-01-12,Xbox,EU,1.227,0
P00558,2026-02-03,PS5,EU,1.135,0
P00559,2026-01-01,PS5,NA-West,1.359,0
P00560,2026-03-05,PS5,NA-East,1.24,0
P00561,2026-03-15,PC,LATAM,0.689,0
P00562,2026-01-05,PC,NA-East,0.915,0
P00563,2026-02-18,PC,EU,1.073,0
P00564,2026-03-20,PS5,NA-West,1.428,0
P00565,2026-02-25,PC,NA-West,1.089,0
P00566,2026-03-12,PS5,EU,0.901,0
P00567,2026-01-13,PS5,NA-West,1.434,1
P00568,2026-01-01,Xbox,LATAM,0.737,1
P00569,2026-01-04,PC,LATAM,1.133,0
P00570,2026-02-09,Xbox,EU,1.086,0
P00571,2026-03-11,PS5,EU,0.744,1
P00572,2026-01-06,PC,EU,0.967,0
P00573,2026-01-20,PC,EU,1.007,0
P00574,2026-02-22,Xbox,NA-East,1.459,0
P00575,2026-03-08,PS5,NA-West,0.622,0
P00576,2026-01-11,PC,NA-West,0.458,1
P00577,2026-02-27,PC,NA-West,1.47,1
P00578,2026-02-24,PC,NA-West,1.468,0
P00579,2026-02-03,PC,NA-East,0.761,1
P00580,2026-02-20,Xbox,LATAM,0.347,0
P00581,2026-01-02,Xbox,LATAM,1.111,0
P00582,2026-01-20,PC,NA-East,1.278,0
P00583,2026-01-13,PS5,LATAM,1.157,0
P00584,2026-03-25,PC,NA-West,0.522,0
P00585,2026-01-19,PS5,NA-East,0.61,0
P00586,2026-02-12,PS5,EU,0.959,0
P00587,2026-01-03,PS5,EU,0.674,0
P00588,2026-03-31,PC,NA-West,0.627,0
P00589,2026-02-26,Xbox,LATAM,1.046,0
P00590,2026-01-12,PS5,LATAM,1.092,0
P00591,2026-02-17,PC,NA-East,1.182,0
P00592,2026-03-06,Xbox,NA-East,0.499,1
P00593,2026-01-26,PS5,NA-East,1.138,0
P00594,2026-04-01,PS5,LATAM,1.105,0
P00595,2026-01-16,PS5,LATAM,0.891,0
P00596,2026-03-02,PC,EU,0.722,0
P00597,2026-03-30,PC,NA-West,1.07,0
P00598,2026-01-28,Xbox,NA-West,1.315,0
P00599,2026-02-22,Xbox,NA-East,0.302,0
P00600,2026-01-17,PC,NA-West,0.715,0
P00601,2026-02-09,PS5,LATAM,0.872,0
P00602,2026-02-14,PS5,LATAM,0.763,0
P00603,2026-01-01,PS5,EU,0.486,0
P00604,2026-01-14,PS5,EU,0.685,0
P00605,2026-02-03,Xbox,EU,0.52,0
P00606,2026-03-08,Xbox,LATAM,1.073,0
P00607,2026-03-29,PS5,EU,1.051,0
P00608,2026-02-23,Xbox,NA-West,0.528,0
P00609,2026-01-29,PS5,EU,0.806,0
P00610,2026-01-22,PC,EU,1.386,0
P00611,2026-01-17,Xbox,NA-West,0.968,0
P00612,2026-02-12,PC,EU,0.86,0
P00613,2026-02-12,PS5,NA-East,0.678,0
P00614,2026-03-23,PC,LATAM,0.272,0
P00615,2026-03-06,Xbox,EU,1.386,0
P00616,2026-01-20,PS5,LATAM,1.152,1
P00617,2026-01-24,Xbox,NA-West,1.073,0
P00618,2026-01-08,PC,NA-West,1.28,0
P00619,2026-01-12,PS5,LATAM,1.257,0
P00620,2026-03-03,PC,EU,0.928,0
P00621,2026-02-11,PC,NA-East,1.019,0
P00622,2026-02-01,PS5,NA-West,1.106,1
P00623,2026-03-06,PC,EU,0.82,0
P00624,2026-02-28,PS5,LATAM,0.935,0
P00625,2026-01-18,PS5,NA-West,0.585,1
P00626,2026-02-21,PC,NA-West,1.248,0
P00627,2026-03-17,Xbox,NA-East,0.821,0
P00628,2026-03-23,PC,NA-East,0.984,0
P00629,2026-03-25,PC,LATAM,1.057,0
P00630,2026-01-16,PC,NA-West,0.62,0
P00631,2026-03-22,PC,EU,1.365,0
P00632,2026-03-31,PC,NA-East,1.429,1
P00633,2026-01-14,PS5,NA-West,0.52,0
P00634,2026-02-22,PS5,NA-West,0.972,0
P00635,2026-03-03,Xbox,NA-East,0.987,0
P00636,2026-03-15,PC,NA-East,0.903,0
P00637,2026-01-13,PS5,EU,1.416,0
P00638,2026-01-07,PC,EU,1.176,0
P00639,2026-03-28,PC,NA-East,0.78,1
P00640,2026-01-18,PS5,LATAM,0.889,0
P00641,2026-02-04,PS5,NA-West,1.112,0
P00642,2026-02-21,PS5,LATAM,1.271,0
P00643,2026-03-25,PC,NA-East,1.16,0
P00644,2026-01-21,PS5,LATAM,1.612,1
P00645,2026-02-18,Xbox,NA-West,1.088,0
P00646,2026-03-04,PC,NA-East,1.273,1
P00647,2026-02-10,Xbox,NA-West,1.703,0
P00648,2026-03-27,Xbox,NA-East,1.296,0
P00649,2026-02-01,Xbox,LATAM,0.487,1
P00650,2026-03-13,PC,NA-West,1.376,0
P00651,2026-03-02,PC,LATAM,1.422,0
P00652,2026-02-12,PC,LATAM,1.111,0
P00653,2026-01-31,Xbox,LATAM,1.334,1
P00654,2026-03-05,PS5,NA-East,0.834,1
P00655,2026-02-22,PC,EU,1.431,0
P00656,2026-03-13,PS5,EU,1.14,0
P00657,2026-01-29,Xbox,LATAM,1.176,0
P00658,2026-02-16,Xbox,NA-West,0.963,1
P00659,2026-02-15,PS5,EU,1.435,0
P00660,2026-01-06,Xbox,LATAM,1.325,0
P00661,2026-03-20,PS5,NA-West,1.059,0
P00662,2026-01-25,PS5,NA-East,0.965,0
P00663,2026-03-28,PS5,LATAM,0.489,0
P00664,2026-03-06,Xbox,NA-East,1.273,0
P00665,2026-02-25,Xbox,NA-West,1.213,0
P00666,2026-01-23,PS5,EU,0.978,0
P00667,2026-02-19,Xbox,NA-West,0.582,1
P00668,2026-02-13,PC,NA-West,1.378,0
P00669,2026-03-31,Xbox,EU,1.317,0
P00670,2026-03-12,Xbox,EU,0.842,0
P00671,2026-03-28,PC,EU,1.37,0
P00672,2026-02-15,Xbox,LATAM,0.572,0
P00673,2026-03-10,PC,NA-East,0.848,1
P00674,2026-01-19,PS5,NA-West,1.113,0
P00675,2026-03-29,Xbox,EU,0.998,1
P00676,2026-03-11,PC,NA-West,1.629,0
P00677,2026-03-13,Xbox,EU,0.679,0
P00678,2026-01-07,Xbox,EU,1.31,0
P00679,2026-01-07,Xbox,LATAM,1.265,0
P00680,2026-03-23,Xbox,NA-West,0.858,0
P00681,2026-01-25,Xbox,NA-East,0.94,1
P00682,2026-01-23,PC,LATAM,0.983,0
P00683,2026-02-03,PS5,NA-East,1.317,1
P00684,2026-04-01,PS5,NA-East,1.092,0
P00685,2026-03-22,PS5,EU,0.615,0
P00686,2026-04-01,PC,NA-East,0.898,0
P00687,2026-01-21,PC,EU,0.625,1
P00688,2026-01-28,PS5,NA-West,0.837,0
P00689,2026-03-21,Xbox,NA-East,0.2,0
P00690,2026-02-14,Xbox,NA-West,0.285,0
P00691,2026-03-29,PC,LATAM,1.258,0
P00692,2026-02-06,PS5,LATAM,1.417,0
P00693,2026-02-07,Xbox,NA-East,1.184,0
P00694,2026-01-22,Xbox,NA-East,1.593,0
P00695,2026-01-27,Xbox,LATAM,0.71,0
P00696,2026-01-27,Xbox,LATAM,0.47,0
P00697,2026-01-10,PS5,EU,0.996,0
P00698,2026-01-10,Xbox,NA-East,1.587,0
P00699,2026-01-30,PS5,LATAM,1.304,0
P00700,2026-01-03,PC,NA-East,0.865,0
P00701,2026-03-16,PS5,NA-East,1.652,0
P00702,2026-03-29,PS5,LATAM,0.953,0
P00703,2026-03-26,PC,NA-West,1.2,0
P00704,2026-03-11,PS5,EU,0.862,0
P00705,2026-01-02,PC,NA-East,0.58,1
P00706,2026-03-18,PC,EU,0.653,1
P00707,2026-02-14,Xbox,NA-West,1.181,1
P00708,2026-01-29,PC,NA-West,0.802,0
P00709,2026-03-14,Xbox,LATAM,1.409,0
P00710,2026-01-10,PC,NA-West,0.967,0
P00711,2026-03-04,Xbox,NA-West,1.314,0
P00712,2026-03-21,PS5,LATAM,1.208,0
P00713,2026-03-26,Xbox,EU,0.841,0
P00714,2026-02-24,PC,LATAM,1.148,1
P00715,2026-02-16,PS5,LATAM,1.378,0
P00716,2026-02-09,Xbox,NA-East,0.833,0
P00717,2026-01-18,Xbox,NA-East,1.18,0
P00718,2026-01-03,Xbox,LATAM,1.29,0
P00719,2026-01-28,Xbox,LATAM,1.369,0
P00720,2026-01-20,Xbox,EU,0.834,1
P00721,2026-03-06,Xbox,NA-East,0.649,0
P00722,2026-03-20,PC,LATAM,0.763,0
P00723,2026-03-14,PC,LATAM,1.487,0
P00724,2026-01-06,PC,EU,1.079,1
P00725,2026-01-06,PS5,LATAM,0.793,0
P00726,2026-02-28,Xbox,EU,1.073,1
P00727,2026-03-08,Xbox,EU,0.813,0
P00728,2026-03-14,PS5,NA-East,1.235,0
P00729,2026-02-18,PS5,EU,1.245,0
P00730,2026-02-14,Xbox,NA-East,0.6,0
P00731,2026-01-18,Xbox,EU,0.765,0
P00732,2026-01-24,PC,NA-West,1.261,0
P00733,2026-02-12,PS5,LATAM,0.925,0
P00734,2026-01-21,PC,NA-East,0.783,0
P00735,2026-03-17,PC,NA-West,1.261,1
P00736,2026-02-03,PS5,NA-East,1.373,0
P00737,2026-03-26,PC,LATAM,1.368,0
P00738,2026-03-02,PS5,NA-West,1.144,0
P00739,2026-01-24,PC,EU,0.701,0
P00740,2026-03-18,PS5,NA-West,0.787,0
P00741,2026-01-26,Xbox,LATAM,0.241,0
P00742,2026-03-19,Xbox,NA-East,1.327,0
P00743,2026-03-10,PS5,NA-West,0.825,0
P00744,2026-03-11,Xbox,LATAM,1.349,0
P00745,2026-02-17,PS5,NA-West,1.382,0
P00746,2026-03-03,Xbox,NA-East,1.084,0
P00747,2026-02-02,PC,EU,0.748,0
P00748,2026-03-11,Xbox,NA-East,0.81,0
P00749,2026-01-16,PC,EU,0.663,0
P00750,2026-01-14,PS5,EU,1.286,0
P00751,2026-02-24,Xbox,LATAM,0.558,0
P00752,2026-02-22,PC,EU,0.577,0
P00753,2026-03-03,PS5,LATAM,0.993,0
P00754,2026-03-26,Xbox,NA-West,1.185,1
P00755,2026-03-07,Xbox,NA-East,0.742,1
P00756,2026-03-23,PC,LATAM,1.153,0
P00757,2026-02-25,PS5,NA-East,1.233,0
P00758,2026-02-19,Xbox,EU,1.321,0
P00759,2026-03-18,PC,LATAM,1.564,0
P00760,2026-01-26,Xbox,EU,1.478,0
P00761,2026-03-18,Xbox,NA-West,0.459,0
P00762,2026-02-16,PC,NA-East,1.001,0
P00763,2026-02-21,Xbox,NA-West,0.788,0
P00764,2026-04-01,PS5,EU,1.138,0
P00765,2026-02-05,PS5,LATAM,1.133,1
P00766,2026-02-03,Xbox,NA-East,1.189,0
P00767,2026-02-13,PS5,EU,1.596,0
P00768,2026-02-18,PS5,LATAM,0.447,0
P00769,2026-03-17,PS5,NA-East,1.26,0
P00770,2026-01-29,PS5,LATAM,0.888,0
P00771,2026-03-08,PS5,NA-West,0.47,0
P00772,2026-02-21,PC,NA-West,0.7,0
P00773,2026-02-15,PC,NA-West,1.09,0
P00774,2026-01-26,PS5,NA-West,1.025,1
P00775,2026-02-01,PC,NA-East,1.17,0
P00776,2026-03-28,PC,NA-East,1.392,0
P00777,2026-02-17,Xbox,EU,0.704,0
P00778,2026-03-07,Xbox,NA-West,0.953,1
P00779,2026-02-24,Xbox,EU,0.567,0
P00780,2026-03-29,PC,LATAM,1.063,0
P00781,2026-01-02,Xbox,NA-East,1.24,0
P00782,2026-03-20,PS5,NA-West,1.146,0
P00783,2026-03-20,PS5,NA-West,0.877,0
P00784,2026-02-17,PS5,NA-West,0.766,0
P00785,2026-03-15,Xbox,EU,0.749,0
P00786,2026-03-13,PC,NA-West,0.688,0
P00787,2026-01-02,Xbox,EU,1.183,0
P00788,2026-02-08,PC,LATAM,0.996,1
P00789,2026-01-21,PS5,NA-East,1.597,0
P00790,2026-02-12,Xbox,EU,0.98,0
P00791,2026-02-22,Xbox,NA-West,1.509,0
P00792,2026-03-25,PS5,EU,0.872,0
P00793,2026-03-07,PC,LATAM,0.43,0
P00794,2026-03-01,PC,EU,0.868,0
P00795,2026-03-20,PC,NA-East,0.387,0
P00796,2026-01-30,Xbox,EU,0.802,0
P00797,2026-02-20,PS5,LATAM,0.949,0
P00798,2026-01-24,PC,EU,1.11,0
P00799,2026-03-31,PS5,NA-East,1.0,0
P00800,2026-03-02,PS5,NA-East,0.923,1
P00801,2026-03-21,PS5,EU,1.286,1
P00802,2026-02-06,Xbox,NA-West,0.83,1
P00803,2026-03-26,PS5,LATAM,0.516,0
P00804,2026-03-11,PC,NA-West,1.405,0
P00805,2026-02-28,Xbox,LATAM,0.662,0
P00806,2026-03-23,PS5,NA-West,0.251,0
P00807,2026-02-26,PC,EU,0.872,1
P00808,2026-03-08,PS5,EU,1.271,0
P00809,2026-01-02,PS5,EU,0.845,0
P00810,2026-02-25,PC,EU,1.14,0
P00811,2026-03-13,Xbox,LATAM,0.755,0
P00812,2026-01-29,PC,EU,0.97,1
P00813,2026-03-10,PC,NA-West,1.13,0
P00814,2026-01-15,PS5,LATAM,0.683,0
P00815,2026-01-03,PC,NA-West,1.534,0
P00816,2026-02-06,Xbox,NA-East,0.933,1
P00817,2026-01-20,PS5,EU,1.244,0
P00818,2026-03-05,PC,EU,1.391,1
P00819,2026-01-19,PC,LATAM,1.568,1
P00820,2026-02-02,PC,NA-West,1.269,0
P00821,2026-02-26,PC,LATAM,1.02,1
P00822,2026-01-13,PS5,LATAM,0.2,0
P00823,2026-02-09,Xbox,NA-East,1.189,0
P00824,2026-03-12,Xbox,EU,0.735,0
P00825,2026-01-07,PC,NA-West,1.161,0
P00826,2026-02-11,Xbox,NA-East,1.62,0
P00827,2026-02-01,Xbox,LATAM,1.102,0
P00828,2026-01-20,PC,LATAM,0.895,1
P00829,2026-03-21,Xbox,NA-East,0.512,1
P00830,2026-03-24,PC,NA-West,1.246,0
P00831,2026-02-10,PS5,LATAM,1.613,0
P00832,2026-01-03,PC,EU,0.877,0
P00833,2026-03-04,Xbox,LATAM,0.879,0
P00834,2026-01-24,PS5,EU,0.702,0
P00835,2026-03-18,PC,NA-West,1.382,0
P00836,2026-02-03,Xbox,LATAM,0.628,0
P00837,2026-01-03,Xbox,NA-West,0.757,0
P00838,2026-01-09,PS5,NA-West,0.763,0
P00839,2026-03-05,PS5,EU,1.02,0
P00840,2026-02-11,PC,NA-East,1.327,0
P00841,2026-01-17,PC,LATAM,1.038,1
P00842,2026-01-05,Xbox,LATAM,0.399,0
P00843,2026-03-31,PC,NA-East,0.906,1
P00844,2026-01-27,PC,LATAM,0.551,0
P00845,2026-01-08,PS5,EU,0.629,0
P00846,2026-01-08,PC,NA-East,1.123,0
P00847,2026-01-10,PC,NA-East,1.837,0
P00848,2026-03-10,Xbox,NA-West,0.828,0
P00849,2026-01-23,Xbox,NA-East,0.582,0
P00850,2026-03-15,Xbox,LATAM,0.757,0
P00851,2026-01-22,Xbox,EU,1.117,0
P00852,2026-03-10,PS5,EU,1.379,0
P00853,2026-02-11,Xbox,LATAM,1.203,0
P00854,2026-02-11,PC,LATAM,0.65,0
P00855,2026-02-02,PS5,NA-East,0.755,0
P00856,2026-02-06,PS5,NA-East,0.652,0
P00857,2026-01-29,Xbox,EU,1.067,0
P00858,2026-03-07,PC,NA-East,0.251,0
P00859,2026-02-15,Xbox,NA-West,1.153,1
P00860,2026-02-08,PC,NA-East,1.296,0
P00861,2026-03-03,Xbox,NA-East,1.305,0
P00862,2026-02-08,PS5,NA-East,1.619,0
P00863,2026-02-12,PS5,NA-East,0.628,0
P00864,2026-01-30,PC,LATAM,0.99,0
P00865,2026-03-09,PC,EU,1.422,0
P00866,2026-01-29,PS5,LATAM,1.299,0
P00867,2026-03-15,PS5,LATAM,0.752,0
P00868,2026-02-13,PC,LATAM,1.396,1
P00869,2026-02-21,PC,NA-West,0.397,0
P00870,2026-01-26,PC,NA-West,0.493,0
P00871,2026-02-04,Xbox,NA-East,1.052,0
P00872,2026-02-22,PS5,EU,0.713,0
P00873,2026-01-04,PS5,LATAM,1.026,0
P00874,2026-02-26,PC,EU,1.621,1
P00875,2026-01-11,Xbox,NA-West,1.089,0
P00876,2026-02-06,PC,EU,1.536,0
P00877,2026-01-03,PC,NA-West,0.717,0
P00878,2026-02-03,PC,NA-East,0.534,0
P00879,2026-03-26,PC,EU,0.735,0
P00880,2026-03-31,Xbox,NA-East,0.915,1
P00881,2026-03-26,Xbox,EU,0.909,0
P00882,2026-01-03,PS5,NA-West,0.809,0
P00883,2026-03-07,PS5,LATAM,1.159,0
P00884,2026-03-10,PS5,NA-East,1.198,1
P00885,2026-03-09,Xbox,NA-West,0.863,1
P00886,2026-03-29,PC,EU,0.707,0
P00887,2026-03-22,PC,EU,0.983,1
P00888,2026-02-13,PC,LATAM,1.409,0
P00889,2026-03-28,PC,LATAM,0.627,0
P00890,2026-01-20,Xbox,EU,0.729,0
P00891,2026-01-17,Xbox,NA-West,1.051,0
P00892,2026-02-09,PC,LATAM,0.718,0
P00893,2026-01-19,PC,EU,0.749,0
P00894,2026-03-10,PS5,NA-West,1.167,0
P00895,2026-02-10,PS5,EU,1.264,0
P00896,2026-03-23,PC,NA-East,1.256,0
P00897,2026-01-04,PS5,NA-West,1.038,0
P00898,2026-01-30,Xbox,LATAM,0.873,0
P00899,2026-03-19,PC,LATAM,0.503,0
P00900,2026-01-18,PS5,NA-East,1.129,0
P00901,2026-02-22,PC,NA-West,1.09,1
P00902,2026-02-26,PS5,LATAM,1.273,0
P00903,2026-02-24,Xbox,LATAM,0.915,0
P00904,2026-02-20,Xbox,NA-East,0.559,0
P00905,2026-02-27,PC,LATAM,0.309,0
P00906,2026-01-06,Xbox,NA-East,0.606,0
P00907,2026-02-26,PS5,LATAM,0.761,1
P00908,2026-02-07,Xbox,NA-West,0.911,0
P00909,2026-03-24,PC,NA-West,0.465,0
P00910,2026-03-31,PS5,LATAM,0.665,1
P00911,2026-02-28,PC,LATAM,0.534,0
P00912,2026-02-11,PC,NA-East,0.727,0
P00913,2026-04-01,Xbox,LATAM,0.684,0
P00914,2026-03-07,Xbox,LATAM,0.843,1
P00915,2026-01-22,Xbox,NA-West,1.385,0
P00916,2026-01-19,PS5,EU,1.239,1
P00917,2026-02-27,PC,NA-West,0.947,1
P00918,2026-02-02,PS5,NA-East,1.409,0
P00919,2026-03-05,PS5,LATAM,1.036,1
P00920,2026-01-11,Xbox,EU,0.968,0
P00921,2026-03-13,PC,NA-West,1.102,0
P00922,2026-02-14,Xbox,EU,1.668,0
P00923,2026-01-12,PC,NA-West,1.346,0
P00924,2026-03-20,Xbox,NA-West,0.712,0
P00925,2026-03-16,PS5,EU,0.94,0
P00926,2026-02-18,Xbox,NA-East,1.252,0
P00927,2026-01-18,PS5,LATAM,1.499,0
P00928,2026-03-31,Xbox,NA-East,1.031,0
P00929,2026-03-30,Xbox,EU,0.512,0
P00930,2026-02-10,Xbox,EU,0.972,0
P00931,2026-03-20,Xbox,LATAM,0.609,0
P00932,2026-01-24,PS5,NA-West,1.19,1
P00933,2026-01-04,Xbox,NA-West,0.39,0
P00934,2026-02-23,Xbox,NA-West,0.729,1
P00935,2026-01-26,PC,EU,0.901,0
P00936,2026-03-12,Xbox,EU,0.983,0
P00937,2026-03-14,PC,NA-West,0.937,0
P00938,2026-02-13,PS5,NA-East,1.353,0
P00939,2026-03-03,Xbox,EU,1.218,0
P00940,2026-02-22,Xbox,EU,1.107,0
P00941,2026-03-28,PC,EU,0.827,0
P00942,2026-02-15,PC,EU,1.182,0
P00943,2026-03-22,Xbox,LATAM,0.794,0
P00944,2026-01-15,Xbox,EU,1.385,0
P00945,2026-02-04,PC,EU,0.648,0
P00946,2026-02-08,PC,EU,1.063,0
P00947,2026-01-26,PC,LATAM,1.324,0
P00948,2026-01-20,Xbox,EU,1.291,0
P00949,2026-01-19,Xbox,NA-West,1.019,0
P00950,2026-01-05,Xbox,NA-East,0.464,1
P00951,2026-01-06,PC,EU,0.819,0
P00952,2026-01-06,Xbox,EU,1.476,1
P00953,2026-02-09,PC,NA-West,0.846,0
P00954,2026-03-10,PC,EU,0.841,1
P00955,2026-02-05,Xbox,NA-East,1.664,1
P00956,2026-02-14,Xbox,EU,0.735,0
P00957,2026-01-22,PS5,LATAM,1.435,1
P00958,2026-01-04,PC,LATAM,0.484,1
P00959,2026-02-24,Xbox,LATAM,0.575,0
P00960,2026-02-09,Xbox,NA-East,0.885,0
P00961,2026-03-01,Xbox,LATAM,0.859,1
P00962,2026-02-09,PS5,LATAM,0.78,0
P00963,2026-01-29,PS5,EU,1.461,1
P00964,2026-03-31,PS5,LATAM,1.272,0
P00965,2026-01-09,PS5,NA-West,0.678,0
P00966,2026-02-14,PC,LATAM,0.855,0
P00967,2026-01-14,PS5,LATAM,0.767,1
P00968,2026-02-22,PC,LATAM,1.019,0
P00969,2026-02-13,PS5,LATAM,1.14,0
P00970,2026-02-13,Xbox,NA-East,0.753,0
P00971,2026-03-15,Xbox,LATAM,1.089,0
P00972,2026-01-13,PS5,NA-East,1.095,0
P00973,2026-03-29,PS5,EU,1.236,0
P00974,2026-03-26,PC,NA-East,1.227,0
P00975,2026-03-26,PS5,LATAM,1.255,1
P00976,2026-03-29,Xbox,EU,1.212,0
P00977,2026-02-25,PC,NA-East,0.844,0
P00978,2026-03-07,PS5,NA-East,0.849,0
P00979,2026-03-12,Xbox,EU,1.014,1
P00980,2026-02-06,Xbox,LATAM,1.17,0
P00981,2026-02-18,PC,NA-West,0.689,0
P00982,2026-01-25,PS5,LATAM,0.367,0
P00983,2026-03-27,Xbox,NA-East,1.038,1
P00984,2026-03-04,PC,NA-East,0.48,0
P00985,2026-02-23,Xbox,LATAM,1.473,0
P00986,2026-02-28,PS5,LATAM,0.557,0
P00987,2026-01-24,PS5,NA-West,0.962,0
P00988,2026-02-04,PS5,NA-East,0.627,0
P00989,2026-03-14,Xbox,LATAM,0.666,0
P00990,2026-01-11,PS5,LATAM,1.356,0
P00991,2026-03-08,PS5,NA-East,1.116,0
P00992,2026-03-11,PC,EU,1.09,0
P00993,2026-01-02,PS5,EU,0.588,0
P00994,2026-02-07,Xbox,EU,0.977,0
P00995,2026-03-14,Xbox,NA-West,0.968,0
P00996,2026-03-26,Xbox,NA-East,1.636,0
P00997,2026-01-11,PS5,EU,1.098,1
P00998,2026-02-05,Xbox,NA-East,0.957,0
P00999,2026-03-17,PS5,NA-West,0.964,0
P01000,2026-03-31,Xbox,NA-East,1.019,0
P01001,2026-01-11,PC,LATAM,1.461,0
P01002,2026-02-22,PS5,NA-West,1.033,0
P01003,2026-02-14,PC,NA-East,1.258,1
P01004,2026-02-21,Xbox,NA-West,0.606,0
P01005,2026-04-01,Xbox,LATAM,0.789,1
P01006,2026-02-27,Xbox,NA-East,0.775,1
P01007,2026-03-10,PS5,EU,0.431,0
P01008,2026-02-04,Xbox,LATAM,1.087,0
P01009,2026-03-28,Xbox,NA-West,0.997,0
P01010,2026-03-28,Xbox,NA-East,0.919,0
P01011,2026-01-09,PC,LATAM,1.158,0
P01012,2026-02-06,Xbox,NA-East,0.999,1
P01013,2026-03-18,Xbox,NA-East,0.632,0
P01014,2026-01-16,PS5,NA-West,1.408,0
P01015,2026-03-31,Xbox,NA-East,1.117,0
P01016,2026-02-05,Xbox,EU,1.065,0
P01017,2026-01-10,PS5,EU,0.979,0
P01018,2026-02-03,PS5,NA-East,1.264,0
P01019,2026-01-26,PS5,NA-East,0.831,0
P01020,2026-02-25,PS5,EU,1.099,1
P01021,2026-01-10,PS5,NA-East,1.51,0
P01022,2026-01-20,PC,LATAM,0.992,0
P01023,2026-03-31,PC,LATAM,0.832,0
P01024,2026-02-21,PC,NA-West,1.34,0
P01025,2026-03-30,Xbox,EU,1.166,0
P01026,2026-02-08,Xbox,NA-East,0.598,0
P01027,2026-02-13,PS5,NA-West,1.34,1
P01028,2026-01-06,PS5,LATAM,1.504,0
P01029,2026-03-22,Xbox,LATAM,0.849,0
P01030,2026-01-18,Xbox,NA-West,1.077,0
P01031,2026-01-09,PS5,LATAM,1.133,0
P01032,2026-01-03,Xbox,NA-East,1.116,0
P01033,2026-01-28,PS5,NA-West,1.182,0
P01034,2026-01-30,PC,LATAM,1.085,0
P01035,2026-03-02,PC,NA-West,1.406,0
P01036,2026-03-22,PC,LATAM,1.285,0
P01037,2026-03-17,PC,LATAM,1.594,0
P01038,2026-03-20,PS5,EU,1.116,0
P01039,2026-03-28,Xbox,NA-West,0.855,0
P01040,2026-01-28,PS5,NA-East,1.042,0
P01041,2026-01-19,PS5,NA-West,1.01,0
P01042,2026-03-16,Xbox,LATAM,1.155,0
P01043,2026-01-03,PC,NA-West,1.104,0
P01044,2026-04-01,PS5,LATAM,0.577,0
P01045,2026-01-27,PS5,LATAM,1.173,1
P01046,2026-01-23,PC,LATAM,0.926,0
P01047,2026-01-12,PS5,LATAM,0.574,0
P01048,2026-01-31,PC,EU,1.367,0
P01049,2026-03-11,Xbox,NA-West,0.609,0
P01050,2026-01-25,PS5,LATAM,1.151,1
P01051,2026-03-27,PS5,EU,1.103,0
P01052,2026-02-02,PS5,NA-East,0.68,1
P01053,2026-01-07,PC,LATAM,1.194,0
P01054,2026-01-10,Xbox,EU,1.442,0
P01055,2026-03-28,PC,EU,1.203,0
P01056,2026-01-31,PS5,NA-West,0.946,0
P01057,2026-03-16,PC,NA-West,0.267,0
P01058,2026-02-28,PS5,NA-West,1.148,0
P01059,2026-02-04,Xbox,NA-East,1.054,0
P01060,2026-01-15,PC,EU,1.231,0
P01061,2026-02-07,Xbox,NA-West,0.509,0
P01062,2026-03-12,Xbox,LATAM,1.091,0
P01063,2026-01-28,PS5,NA-East,0.441,0
P01064,2026-02-01,PC,NA-West,1.005,0
P01065,2026-01-01,PS5,NA-East,0.908,0
P01066,2026-02-20,PC,LATAM,0.379,0
P01067,2026-01-11,Xbox,LATAM,0.948,0
P01068,2026-01-17,PC,NA-East,0.837,0
P01069,2026-02-09,Xbox,NA-East,1.204,0
P01070,2026-03-01,PS5,NA-West,1.097,0
P01071,2026-02-17,PC,NA-East,0.618,0
P01072,2026-03-30,PS5,EU,0.955,0
P01073,2026-03-20,Xbox,NA-East,0.399,0
P01074,2026-02-12,Xbox,EU,0.989,0
P01075,2026-01-15,PC,EU,0.71,0
P01076,2026-03-24,Xbox,NA-West,0.878,0
P01077,2026-02-12,PS5,NA-West,1.012,0
P01078,2026-01-29,Xbox,LATAM,0.68,1
P01079,2026-01-09,Xbox,NA-East,0.732,0
P01080,2026-03-10,PS5,LATAM,0.812,0
P01081,2026-03-28,PC,NA-West,1.6,0
P01082,2026-02-28,PC,EU,1.297,0
P01083,2026-01-10,Xbox,NA-West,1.217,0
P01084,2026-01-27,PS5,LATAM,0.512,0
P01085,2026-03-11,PS5,LATAM,1.361,0
P01086,2026-01-03,PC,EU,0.967,0
P01087,2026-02-13,PS5,LATAM,0.657,0
P01088,2026-03-14,PC,EU,1.417,1
P01089,2026-02-17,PC,NA-West,1.59,0
P01090,2026-02-28,PC,EU,1.468,0
P01091,2026-01-23,Xbox,NA-West,1.286,0
P01092,2026-01-15,PC,LATAM,1.295,0
P01093,2026-01-24,Xbox,EU,1.153,0
P01094,2026-01-19,PC,EU,0.696,1
P01095,2026-01-04,PC,LATAM,0.66,0
P01096,2026-01-20,Xbox,EU,1.573,0
P01097,2026-02-07,Xbox,NA-West,0.714,0
P01098,2026-02-26,PS5,NA-East,0.91,1
P01099,2026-03-12,Xbox,NA-West,1.058,0
P01100,2026-01-12,PC,NA-West,0.779,0
P01101,2026-02-05,PS5,NA-East,1.049,0
P01102,2026-02-20,Xbox,NA-East,1.105,0
P01103,2026-02-16,PS5,EU,0.556,0
P01104,2026-01-02,PS5,NA-East,0.93,1
P01105,2026-02-26,PS5,EU,0.981,0
P01106,2026-02-24,Xbox,NA-East,0.951,0
P01107,2026-02-08,PS5,NA-East,0.305,0
P01108,2026-03-17,PS5,EU,1.006,0
P01109,2026-03-13,PC,NA-West,0.559,1
P01110,2026-02-18,PS5,EU,0.9,0
P01111,2026-03-01,PC,EU,1.099,1
P01112,2026-03-23,Xbox,EU,1.2,0
P01113,2026-03-04,PC,NA-East,1.42,0
P01114,2026-03-05,Xbox,EU,1.13,0
P01115,2026-03-14,Xbox,LATAM,0.751,0
P01116,2026-01-16,PC,EU,0.602,1
P01117,2026-01-08,Xbox,NA-West,1.236,0
P01118,2026-01-07,PS5,NA-East,0.948,1
P01119,2026-03-09,PC,NA-West,0.91,0
P01120,2026-03-18,PS5,EU,1.007,0
P01121,2026-03-31,Xbox,EU,0.941,0
P01122,2026-01-02,PS5,LATAM,1.186,0
P01123,2026-01-21,PC,NA-West,1.162,0
P01124,2026-03-13,Xbox,NA-East,0.5,0
P01125,2026-01-10,PC,LATAM,1.138,0
P01126,2026-03-30,Xbox,EU,0.581,1
P01127,2026-02-08,PC,NA-West,1.632,0
P01128,2026-01-19,PC,NA-West,0.886,0
P01129,2026-02-24,PC,NA-East,0.777,0
P01130,2026-02-25,Xbox,NA-East,1.161,0
P01131,2026-02-02,PC,NA-East,1.286,0
P01132,2026-03-19,PC,EU,1.208,1
P01133,2026-01-19,Xbox,EU,1.473,0
P01134,2026-03-06,Xbox,NA-East,1.093,0
P01135,2026-03-16,Xbox,NA-West,1.036,0
P01136,2026-01-22,Xbox,NA-East,1.354,0
P01137,2026-03-06,Xbox,NA-West,1.236,0
P01138,2026-01-14,PS5,LATAM,1.138,1
P01139,2026-01-30,PS5,NA-East,0.505,0
P01140,2026-03-08,Xbox,EU,1.39,0
P01141,2026-01-06,PS5,EU,1.355,0
P01142,2026-02-09,PC,LATAM,0.741,0
P01143,2026-02-24,PS5,EU,1.05,1
P01144,2026-03-28,PS5,NA-East,0.835,1
P01145,2026-02-20,PC,NA-West,0.621,1
P01146,2026-01-26,PS5,NA-East,0.751,1
P01147,2026-02-24,Xbox,EU,0.956,0
P01148,2026-03-24,Xbox,LATAM,1.308,0
P01149,2026-03-07,PC,NA-East,0.892,1
P01150,2026-03-05,PC,NA-East,1.101,0
P01151,2026-01-09,PC,LATAM,0.919,0
P01152,2026-02-11,PC,NA-East,1.28,0
P01153,2026-03-08,PC,EU,1.068,0
P01154,2026-03-04,Xbox,NA-East,0.563,0
P01155,2026-01-05,PC,LATAM,1.72,0
P01156,2026-02-18,PC,EU,0.911,0
P01157,2026-01-22,Xbox,LATAM,0.812,0
P01158,2026-01-15,Xbox,LATAM,0.631,0
P01159,2026-01-21,PS5,LATAM,0.652,0
P01160,2026-02-15,PC,NA-East,1.03,0
P01161,2026-01-17,Xbox,NA-East,1.168,0
P01162,2026-03-22,PS5,EU,0.914,0
P01163,2026-01-08,Xbox,EU,0.86,0
P01164,2026-03-30,PS5,NA-West,1.274,1
P01165,2026-02-11,PS5,LATAM,1.498,0
P01166,2026-03-31,PS5,LATAM,0.927,0
P01167,2026-02-11,PC,NA-West,0.429,0
P01168,2026-03-06,PC,EU,1.196,0
P01169,2026-02-25,PC,NA-West,1.148,1
P01170,2026-01-07,PC,NA-East,0.866,0
P01171,2026-03-16,PC,LATAM,1.263,0
P01172,2026-02-14,PS5,EU,1.144,0
P01173,2026-03-11,PS5,LATAM,0.86,0
P01174,2026-03-12,Xbox,NA-West,1.029,0
P01175,2026-01-28,PS5,EU,0.653,0
P01176,2026-03-10,PS5,NA-East,1.248,0
P01177,2026-02-16,Xbox,EU,0.748,0
P01178,2026-02-22,PC,NA-West,0.724,0
P01179,2026-02-04,PS5,NA-West,1.225,0
P01180,2026-01-15,PS5,LATAM,1.049,0
P01181,2026-02-25,PC,NA-West,0.329,1
P01182,2026-01-04,Xbox,NA-West,0.967,0
P01183,2026-01-06,PC,NA-East,1.393,0
P01184,2026-01-11,PC,LATAM,0.885,0
P01185,2026-03-27,Xbox,NA-West,0.916,0
P01186,2026-03-15,Xbox,EU,0.921,0
P01187,2026-01-12,PS5,EU,1.013,0
P01188,2026-02-19,PS5,NA-West,1.199,0
P01189,2026-01-23,PS5,EU,1.063,0
P01190,2026-01-08,PC,EU,0.661,0
P01191,2026-03-02,PC,EU,0.631,0
P01192,2026-02-17,Xbox,NA-East,1.031,0
P01193,2026-03-26,Xbox,NA-West,1.036,0
P01194,2026-02-19,PS5,NA-East,0.679,1
P01195,2026-01-31,PS5,EU,1.217,0
P01196,2026-01-31,PC,LATAM,0.796,0
P01197,2026-03-24,PC,LATAM,0.924,0
P01198,2026-02-22,PS5,NA-East,1.282,0
P01199,2026-03-31,PS5,EU,0.991,0
P01200,2026-01-04,PC,LATAM,1.038,0
P01201,2026-01-18,PS5,EU,1.234,0
P01202,2026-01-15,Xbox,NA-West,1.231,0
P01203,2026-03-29,PS5,LATAM,0.299,0
P01204,2026-01-18,PS5,EU,0.964,1
P01205,2026-02-23,PS5,NA-West,0.764,1
P01206,2026-01-03,Xbox,NA-West,1.447,0
P01207,2026-03-01,PC,NA-East,1.174,1
P01208,2026-02-24,PS5,NA-West,0.839,0
P01209,2026-01-16,PS5,LATAM,1.426,1
P01210,2026-01-27,PS5,EU,1.254,0
P01211,2026-02-18,Xbox,NA-West,1.471,0
P01212,2026-02-06,PC,LATAM,0.967,0
P01213,2026-01-04,Xbox,LATAM,0.932,0
P01214,2026-02-17,PC,NA-East,0.562,0
P01215,2026-02-11,PC,LATAM,1.348,0
P01216,2026-03-18,PC,NA-East,0.994,0
P01217,2026-01-31,Xbox,NA-East,0.678,1
P01218,2026-03-06,PS5,EU,0.783,0
P01219,2026-03-13,PC,LATAM,1.213,0
P01220,2026-03-01,Xbox,LATAM,1.207,1
P01221,2026-01-15,PS5,EU,0.624,0
P01222,2026-02-25,Xbox,EU,0.853,1
P01223,2026-02-25,PS5,NA-West,1.238,0
P01224,2026-03-26,PC,NA-West,0.754,0
P01225,2026-01-24,Xbox,LATAM,1.265,0
P01226,2026-03-05,Xbox,LATAM,1.318,0
P01227,2026-01-15,PC,EU,1.398,0
P01228,2026-02-06,Xbox,EU,1.09,0
P01229,2026-03-26,PC,NA-West,0.602,0
P01230,2026-01-10,PC,EU,1.01,1
P01231,2026-03-29,PS5,NA-East,1.177,0
P01232,2026-01-20,Xbox,LATAM,1.382,0
P01233,2026-02-04,PC,LATAM,0.969,0
P01234,2026-03-14,Xbox,EU,1.48,1
P01235,2026-01-08,Xbox,LATAM,0.983,0
P01236,2026-02-02,PS5,NA-East,1.396,1
P01237,2026-01-27,PS5,NA-West,1.317,1
P01238,2026-03-04,PS5,NA-West,1.18,0
P01239,2026-01-13,PS5,LATAM,1.207,0
P01240,2026-03-02,PC,LATAM,0.945,0
P01241,2026-03-20,PC,NA-East,1.192,0
P01242,2026-03-01,Xbox,NA-West,0.775,0
P01243,2026-03-09,PS5,LATAM,0.707,0
P01244,2026-03-03,Xbox,EU,0.686,0
P01245,2026-03-08,Xbox,NA-East,0.592,0
P01246,2026-03-07,PC,LATAM,1.287,0
P01247,2026-03-14,Xbox,NA-East,1.126,0
P01248,2026-01-03,PC,NA-West,1.389,0
P01249,2026-01-06,PS5,EU,1.62,0
P01250,2026-02-28,PS5,EU,1.018,0
P01251,2026-01-24,Xbox,EU,1.034,0
P01252,2026-01-14,PS5,NA-East,0.939,1
P01253,2026-03-25,Xbox,LATAM,0.469,0
P01254,2026-03-20,Xbox,LATAM,0.664,0
P01255,2026-01-12,PC,NA-East,1.041,0
P01256,2026-01-25,Xbox,NA-West,1.152,0
P01257,2026-02-25,Xbox,NA-West,1.378,0
P01258,2026-03-01,PC,NA-West,1.219,0
P01259,2026-03-31,PC,LATAM,0.62,0
P01260,2026-01-26,PS5,NA-East,0.817,1
P01261,2026-01-14,PS5,LATAM,0.622,0
P01262,2026-03-18,PC,LATAM,0.845,0
P01263,2026-03-07,Xbox,LATAM,0.595,0
P01264,2026-01-08,PS5,NA-East,0.639,0
P01265,2026-03-24,PS5,EU,0.656,0
P01266,2026-02-25,PC,LATAM,1.286,0
P01267,2026-01-30,Xbox,EU,0.535,0
P01268,2026-03-26,Xbox,LATAM,0.289,0
P01269,2026-03-28,PS5,NA-West,0.81,0
P01270,2026-02-06,PS5,NA-West,0.946,0
P01271,2026-01-21,PS5,LATAM,0.873,0
P01272,2026-01-27,PS5,EU,0.2,0
P01273,2026-01-21,Xbox,NA-East,1.316,0
P01274,2026-02-13,PC,NA-West,0.56,0
P01275,2026-02-13,Xbox,EU,1.13,0
P01276,2026-03-30,PC,NA-East,1.334,0
P01277,2026-02-26,PC,NA-East,1.272,0
P01278,2026-03-20,Xbox,NA-East,1.17,0
P01279,2026-01-22,PS5,NA-West,0.515,0
P01280,2026-04-01,Xbox,NA-East,0.612,1
P01281,2026-02-16,PC,LATAM,0.903,0
P01282,2026-01-01,PS5,EU,1.019,1
P01283,2026-01-11,PS5,EU,0.944,0
P01284,2026-02-01,PS5,NA-West,1.339,1
P01285,2026-02-24,PS5,EU,0.693,0
P01286,2026-02-26,Xbox,NA-East,1.03,1
P01287,2026-02-10,PS5,NA-East,0.509,0
P01288,2026-01-05,Xbox,NA-East,0.732,0
P01289,2026-03-26,PS5,LATAM,1.667,0
P01290,2026-03-31,Xbox,EU,0.719,0
P01291,2026-01-02,Xbox,NA-West,1.35,0
P01292,2026-02-27,Xbox,LATAM,0.547,0
P01293,2026-03-25,PS5,NA-East,0.808,1
P01294,2026-02-12,PC,EU,0.57,1
P01295,2026-03-07,Xbox,NA-West,0.597,1
P01296,2026-03-11,PS5,LATAM,0.783,0
P01297,2026-01-15,PS5,EU,0.924,0
P01298,2026-03-25,Xbox,NA-East,1.356,0
P01299,2026-01-31,Xbox,NA-West,1.358,0
P01300,2026-02-06,Xbox,NA-West,0.679,0
P01301,2026-03-08,Xbox,NA-West,0.987,0
P01302,2026-02-16,PS5,LATAM,0.811,1
P01303,2026-01-08,PC,LATAM,0.835,1
P01304,2026-03-28,Xbox,LATAM,0.54,0
P01305,2026-03-16,PS5,LATAM,0.633,0
P01306,2026-02-23,PC,LATAM,1.087,0
P01307,2026-01-17,Xbox,NA-East,1.412,0
P01308,2026-02-28,Xbox,EU,0.428,0
P01309,2026-01-16,PC,EU,0.712,0
P01310,2026-01-06,PS5,EU,0.827,0
P01311,2026-03-04,Xbox,LATAM,1.191,1
P01312,2026-02-09,Xbox,LATAM,1.187,1
P01313,2026-03-12,PS5,LATAM,0.589,0
P01314,2026-03-14,PS5,LATAM,0.696,0
P01315,2026-03-19,Xbox,LATAM,1.128,0
P01316,2026-03-27,PS5,NA-East,0.333,0
P01317,2026-03-27,PS5,EU,0.753,0
P01318,2026-03-27,Xbox,NA-East,1.44,0
P01319,2026-04-01,Xbox,EU,1.488,0
P01320,2026-01-16,Xbox,NA-East,0.909,0
P01321,2026-03-08,PC,NA-East,1.148,0
P01322,2026-03-10,PC,NA-West,1.029,0
P01323,2026-03-16,Xbox,EU,0.404,0
P01324,2026-01-06,PS5,LATAM,0.2,0
P01325,2026-01-04,PS5,NA-East,1.194,0
P01326,2026-01-13,PC,EU,0.723,0
P01327,2026-01-20,PC,NA-East,0.875,0
P01328,2026-02-11,PS5,LATAM,1.231,1
P01329,2026-01-19,PS5,NA-East,0.735,1
P01330,2026-01-31,PS5,LATAM,1.006,0
P01331,2026-02-04,PS5,NA-East,1.363,0
P01332,2026-02-22,PC,EU,0.482,0
P01333,2026-03-17,Xbox,NA-West,0.881,0
P01334,2026-02-22,Xbox,NA-West,0.361,0
P01335,2026-01-19,PC,LATAM,0.289,0
P01336,2026-03-13,PS5,EU,0.985,0
P01337,2026-01-22,PS5,EU,1.815,0
P01338,2026-03-29,Xbox,NA-West,0.762,0
P01339,2026-03-07,Xbox,NA-East,0.959,0
P01340,2026-02-20,Xbox,EU,0.79,0
P01341,2026-01-27,PS5,EU,0.324,0
P01342,2026-04-01,PS5,EU,0.749,0
P01343,2026-03-18,PC,NA-East,0.633,0
P01344,2026-01-01,PS5,LATAM,1.426,0
P01345,2026-03-10,Xbox,NA-East,1.625,0
P01346,2026-03-27,PS5,EU,0.831,0
P01347,2026-03-31,PS5,NA-West,1.18,0
P01348,2026-01-29,Xbox,EU,0.975,0
P01349,2026-03-20,PC,NA-West,0.551,0
P01350,2026-02-16,Xbox,NA-West,1.397,1
P01351,2026-03-23,Xbox,LATAM,0.439,1
P01352,2026-01-25,Xbox,NA-West,0.757,0
P01353,2026-01-17,Xbox,NA-West,0.995,0
P01354,2026-02-05,Xbox,EU,1.188,0
P01355,2026-02-28,Xbox,NA-East,1.369,0
P01356,2026-02-11,PS5,NA-East,0.2,0
P01357,2026-03-01,PC,NA-West,0.578,1
P01358,2026-02-23,PS5,NA-West,0.701,0
P01359,2026-03-15,PC,LATAM,1.378,0
P01360,2026-02-01,PC,NA-East,1.102,1
P01361,2026-02-25,Xbox,EU,1.167,0
P01362,2026-02-01,PS5,NA-East,1.201,0
P01363,2026-03-08,Xbox,LATAM,1.23,0
P01364,2026-03-22,PC,NA-East,0.829,0
P01365,2026-03-30,PS5,NA-East,1.168,0
P01366,2026-03-22,PC,NA-East,0.852,0
P01367,2026-02-18,PS5,NA-West,0.605,0
P01368,2026-03-26,PS5,LATAM,0.726,0
P01369,2026-03-21,Xbox,NA-East,1.408,0
P01370,2026-02-12,PC,NA-East,0.857,0
P01371,2026-01-25,Xbox,EU,1.15,0
P01372,2026-03-03,PC,NA-West,0.94,0
P01373,2026-01-08,Xbox,EU,1.322,1
P01374,2026-03-11,PS5,EU,1.032,0
P01375,2026-01-02,PC,NA-East,0.491,0
P01376,2026-03-13,PC,NA-West,1.231,0
P01377,2026-01-26,Xbox,LATAM,1.07,0
P01378,2026-03-01,Xbox,EU,0.746,0
P01379,2026-02-23,PC,LATAM,0.922,1
P01380,2026-01-01,PS5,NA-West,0.654,0
P01381,2026-02-12,PS5,NA-West,1.12,0
P01382,2026-01-01,PC,NA-East,0.911,1
P01383,2026-02-26,PS5,NA-East,1.159,0
P01384,2026-01-26,PS5,NA-West,1.07,0
P01385,2026-03-12,PC,EU,1.006,0
P01386,2026-01-03,Xbox,NA-East,1.093,0
P01387,2026-01-27,PS5,NA-West,0.912,0
P01388,2026-03-21,PC,NA-East,1.529,0
P01389,2026-01-17,PS5,EU,1.064,0
P01390,2026-02-24,PC,NA-West,1.259,0
P01391,2026-02-07,PC,EU,1.077,0
P01392,2026-03-07,PC,NA-East,1.715,0
P01393,2026-03-26,PS5,EU,0.841,0
P01394,2026-03-01,Xbox,LATAM,1.238,0
P01395,2026-03-05,Xbox,NA-East,0.544,0
P01396,2026-01-26,PC,EU,0.756,0
P01397,2026-02-18,PS5,EU,0.262,0
P01398,2026-01-18,Xbox,EU,1.003,0
P01399,2026-01-06,PS5,LATAM,0.524,0
P01400,2026-02-22,PS5,LATAM,0.724,1
P01401,2026-02-26,PS5,NA-East,1.051,1
P01402,2026-03-06,PS5,NA-West,0.499,1
P01403,2026-01-10,PS5,NA-West,0.719,0
P01404,2026-02-02,Xbox,EU,0.791,1
P01405,2026-03-19,Xbox,EU,2.0,1
P01406,2026-02-08,PS5,LATAM,0.936,0
P01407,2026-03-25,PC,LATAM,1.509,0
P01408,2026-01-27,Xbox,LATAM,0.584,0
P01409,2026-03-01,PC,LATAM,0.92,0
P01410,2026-03-31,Xbox,NA-East,0.673,0
P01411,2026-03-15,Xbox,NA-East,1.21,0
P01412,2026-03-26,PS5,LATAM,1.161,0
P01413,2026-02-21,PS5,EU,1.043,0
P01414,2026-03-14,PC,EU,1.174,0
P01415,2026-03-19,PS5,LATAM,1.392,0
P01416,2026-02-20,PS5,NA-East,1.319,0
P01417,2026-02-27,PC,NA-East,0.808,0
P01418,2026-01-23,PS5,NA-East,1.524,1
P01419,2026-01-09,PC,NA-West,1.293,0
P01420,2026-03-09,Xbox,NA-East,1.109,1
P01421,2026-02-22,PC,LATAM,0.2,1
P01422,2026-01-09,PC,NA-West,0.42,0
P01423,2026-02-09,PS5,NA-West,0.499,0
P01424,2026-02-09,Xbox,LATAM,0.647,0
P01425,2026-01-01,PS5,NA-West,1.38,0
P01426,2026-03-14,Xbox,NA-East,1.282,0
P01427,2026-02-06,PS5,EU,0.524,0
P01428,2026-01-23,Xbox,LATAM,0.81,0
P01429,2026-03-26,PS5,NA-East,1.184,1
P01430,2026-01-21,PS5,NA-East,0.927,0
P01431,2026-01-28,Xbox,NA-East,1.303,0
P01432,2026-01-10,PS5,LATAM,1.014,0
P01433,2026-02-02,PC,NA-East,1.028,0
P01434,2026-03-28,Xbox,LATAM,0.999,0
P01435,2026-02-20,Xbox,NA-West,1.258,0
P01436,2026-03-01,Xbox,NA-West,0.869,0
P01437,2026-02-26,PC,NA-West,1.413,0
P01438,2026-03-19,Xbox,LATAM,1.236,1
P01439,2026-03-27,PC,LATAM,1.045,0
P01440,2026-01-28,Xbox,NA-West,0.836,0
P01441,2026-01-07,Xbox,NA-East,1.331,0
P01442,2026-02-09,PC,LATAM,0.556,0
P01443,2026-02-01,PC,NA-East,0.818,0
P01444,2026-01-02,Xbox,NA-East,0.881,1
P01445,2026-01-13,PC,NA-West,1.192,0
P01446,2026-03-07,Xbox,NA-West,1.243,0
P01447,2026-03-11,PC,NA-West,0.708,1
P01448,2026-02-11,PS5,NA-East,1.164,0
P01449,2026-02-28,PS5,EU,1.096,1
P01450,2026-01-28,PS5,NA-East,0.493,0
P01451,2026-03-14,Xbox,EU,1.419,0
P01452,2026-03-31,Xbox,NA-West,0.391,1
P01453,2026-03-23,Xbox,LATAM,1.039,0
P01454,2026-01-03,PS5,NA-West,0.64,0
P01455,2026-04-01,Xbox,NA-East,1.254,0
P01456,2026-02-24,PC,NA-West,1.022,0
P01457,2026-02-07,Xbox,NA-East,1.101,1
P01458,2026-03-18,PS5,NA-West,1.378,0
P01459,2026-03-24,PS5,EU,1.023,0
P01460,2026-01-30,PC,NA-West,1.18,0
P01461,2026-03-27,Xbox,NA-West,1.628,0
P01462,2026-02-18,Xbox,NA-East,0.779,1
P01463,2026-03-04,Xbox,NA-West,1.207,0
P01464,2026-01-17,PC,NA-West,1.393,0
P01465,2026-02-24,Xbox,NA-West,0.953,0
P01466,2026-01-23,Xbox,LATAM,0.766,0
P01467,2026-01-26,PC,EU,0.916,1
P01468,2026-01-22,Xbox,LATAM,0.639,0
P01469,2026-03-03,PC,EU,1.34,0
P01470,2026-01-20,PS5,LATAM,0.794,0
P01471,2026-02-06,PC,EU,0.662,1
P01472,2026-03-02,PC,NA-East,1.261,0
P01473,2026-02-17,PS5,EU,0.203,0
P01474,2026-02-09,PS5,NA-East,0.705,0
P01475,2026-01-16,PC,LATAM,0.661,0
P01476,2026-02-14,Xbox,EU,0.595,0
P01477,2026-03-25,PC,NA-West,0.724,0
P01478,2026-02-16,Xbox,NA-West,0.642,0
P01479,2026-02-28,PC,NA-West,1.186,1
P01480,2026-01-12,PS5,NA-East,0.519,0
P01481,2026-01-25,PS5,EU,1.15,0
P01482,2026-03-06,PS5,EU,1.503,0
P01483,2026-01-12,PS5,NA-West,1.353,1
P01484,2026-01-27,PS5,NA-East,1.319,0
P01485,2026-03-04,Xbox,LATAM,1.133,0
P01486,2026-03-25,PC,EU,0.911,1
P01487,2026-01-18,PC,LATAM,1.071,0
P01488,2026-01-28,PC,NA-West,1.048,0
P01489,2026-02-22,PC,NA-West,0.28,1
P01490,2026-01-11,PS5,NA-East,0.797,0
P01491,2026-03-03,PC,NA-East,0.411,0
P01492,2026-01-01,PC,NA-East,0.687,0
P01493,2026-01-01,PS5,LATAM,0.699,0
P01494,2026-02-13,Xbox,EU,0.749,0
P01495,2026-01-31,PS5,NA-East,1.483,0
P01496,2026-02-12,Xbox,LATAM,1.01,0
P01497,2026-01-18,Xbox,EU,1.177,0
P01498,2026-02-01,Xbox,LATAM,0.671,0
P01499,2026-03-26,PS5,NA-East,1.389,1
P01500,2026-01-06,Xbox,LATAM,1.561,0
P01501,2026-03-04,PC,EU,0.61,0
P01502,2026-03-02,PC,LATAM,1.688,0
P01503,2026-01-25,Xbox,NA-East,0.833,0
P01504,2026-01-12,Xbox,LATAM,0.834,1
P01505,2026-02-27,Xbox,NA-West,1.386,0
P01506,2026-01-22,PC,NA-East,1.011,0
P01507,2026-01-04,PS5,EU,1.43,1
P01508,2026-02-02,Xbox,NA-East,0.566,0
P01509,2026-03-10,Xbox,EU,0.728,0
P01510,2026-03-15,Xbox,EU,1.049,0
P01511,2026-02-18,PS5,NA-West,0.652,0
P01512,2026-01-15,PS5,NA-West,0.957,0
P01513,2026-01-15,PS5,LATAM,0.836,0
P01514,2026-01-01,PC,LATAM,0.826,0
P01515,2026-02-10,PC,NA-West,1.083,0
P01516,2026-01-02,PC,EU,0.622,0
P01517,2026-03-05,PS5,NA-West,0.916,0
P01518,2026-03-31,Xbox,NA-East,1.3,0
P01519,2026-04-01,PC,LATAM,0.558,0
P01520,2026-02-18,PC,NA-West,1.595,0
P01521,2026-01-29,PC,LATAM,0.965,0
P01522,2026-02-08,PC,NA-East,1.511,0
P01523,2026-02-13,PS5,LATAM,0.65,0
P01524,2026-03-09,PC,LATAM,0.959,0
P01525,2026-02-11,PC,EU,1.007,0
P01526,2026-01-21,PS5,EU,0.666,0
P01527,2026-01-27,Xbox,NA-East,1.116,1
P01528,2026-03-15,PC,LATAM,1.492,0
P01529,2026-02-24,PC,NA-East,0.909,0
P01530,2026-03-02,Xbox,EU,1.049,0
P01531,2026-01-20,PC,NA-East,0.751,0
P01532,2026-03-04,PC,LATAM,0.847,0
P01533,2026-03-27,Xbox,LATAM,0.67,0
P01534,2026-03-25,PC,NA-East,0.95,1
P01535,2026-03-24,PC,LATAM,0.796,0
P01536,2026-01-13,PS5,LATAM,1.061,0
P01537,2026-01-17,Xbox,NA-West,1.103,0
P01538,2026-03-31,Xbox,LATAM,1.443,1
P01539,2026-03-16,Xbox,NA-East,0.372,0
P01540,2026-01-27,PC,NA-West,1.73,1
P01541,2026-02-27,PC,NA-West,1.056,0
P01542,2026-01-12,PC,NA-East,0.369,0
P01543,2026-03-06,PC,LATAM,0.726,0
P01544,2026-03-26,Xbox,EU,1.296,0
P01545,2026-02-26,PS5,EU,1.259,0
P01546,2026-03-07,PC,NA-West,1.04,1
P01547,2026-01-19,PC,NA-West,0.797,0
P01548,2026-02-05,PC,EU,1.338,1
P01549,2026-03-25,PC,EU,1.291,0
P01550,2026-03-30,Xbox,EU,1.147,0
P01551,2026-03-31,Xbox,NA-West,0.662,0
P01552,2026-01-20,PS5,NA-East,0.75,0
P01553,2026-02-01,PC,LATAM,1.16,1
P01554,2026-03-23,PS5,NA-West,1.65,0
P01555,2026-01-29,PC,LATAM,0.976,0
P01556,2026-01-16,PS5,LATAM,1.254,1
P01557,2026-02-14,Xbox,EU,0.785,0
P01558,2026-01-07,PS5,NA-West,1.405,1
P01559,2026-03-28,Xbox,LATAM,1.422,0
P01560,2026-01-17,Xbox,NA-West,0.97,0
P01561,2026-01-19,PC,EU,0.587,0
P01562,2026-02-01,PS5,NA-West,0.841,0
P01563,2026-02-15,PS5,LATAM,1.124,0
P01564,2026-01-30,PS5,LATAM,0.765,0
P01565,2026-01-12,PC,NA-East,0.907,0
P01566,2026-01-08,PS5,NA-East,1.248,0
P01567,2026-02-24,PC,LATAM,0.64,0
P01568,2026-03-29,Xbox,NA-East,1.732,0
P01569,2026-03-20,PC,LATAM,1.242,0
P01570,2026-02-14,Xbox,NA-East,1.021,0
P01571,2026-01-22,Xbox,NA-West,0.67,0
P01572,2026-02-16,PC,LATAM,1.224,0
P01573,2026-01-22,Xbox,NA-West,0.88,0
P01574,2026-01-16,PS5,NA-West,0.9,1
P01575,2026-03-22,PS5,NA-East,0.777,0
P01576,2026-03-21,PC,LATAM,1.07,0
P01577,2026-02-15,Xbox,NA-West,1.254,0
P01578,2026-01-02,PC,NA-West,1.328,0
P01579,2026-03-04,PS5,NA-West,1.599,0
P01580,2026-02-17,PC,EU,0.887,1
P01581,2026-02-26,PC,EU,0.791,0
P01582,2026-01-01,PC,NA-East,0.552,1
P01583,2026-01-06,PS5,NA-East,1.244,1
P01584,2026-01-26,PS5,NA-East,1.841,0
P01585,2026-03-12,PC,EU,0.471,0
P01586,2026-02-21,PS5,NA-West,0.206,1
P01587,2026-01-14,PS5,NA-East,1.048,0
P01588,2026-01-31,PS5,NA-East,1.624,0
P01589,2026-02-07,PS5,NA-West,0.971,0
P01590,2026-03-07,PC,EU,1.11,0
P01591,2026-02-01,PS5,NA-East,0.814,0
P01592,2026-03-06,Xbox,NA-West,0.827,0
P01593,2026-01-17,PC,NA-West,0.772,0
P01594,2026-03-20,PS5,LATAM,1.218,1
P01595,2026-03-31,PS5,LATAM,0.83,0
P01596,2026-03-07,PC,EU,0.898,0
P01597,2026-02-14,PC,NA-West,0.937,0
P01598,2026-01-07,PS5,LATAM,0.835,0
P01599,2026-03-19,PS5,EU,1.18,0
P01600,2026-01-15,Xbox,NA-West,1.048,0
P01601,2026-02-16,Xbox,EU,0.979,0
P01602,2026-02-05,PC,NA-West,1.086,0
P01603,2026-03-19,Xbox,NA-West,1.338,1
P01604,2026-02-27,Xbox,EU,1.123,0
P01605,2026-03-02,Xbox,NA-West,1.235,1
P01606,2026-01-25,Xbox,EU,0.519,0
P01607,2026-02-27,PS5,NA-East,0.88,0
P01608,2026-03-09,PC,NA-West,1.376,0
P01609,2026-03-31,Xbox,NA-East,1.283,0
P01610,2026-03-30,PS5,NA-East,1.236,1
P01611,2026-03-07,PS5,EU,0.546,1
P01612,2026-01-01,Xbox,NA-East,1.131,0
P01613,2026-03-07,Xbox,EU,0.472,0
P01614,2026-01-29,PC,NA-West,0.921,1
P01615,2026-03-10,PC,EU,1.007,0
P01616,2026-02-04,PC,NA-West,1.08,0
P01617,2026-01-01,PS5,EU,0.705,0
P01618,2026-04-01,PC,LATAM,1.204,0
P01619,2026-02-07,PC,EU,0.946,0
P01620,2026-02-05,Xbox,NA-East,1.415,0
P01621,2026-03-30,Xbox,NA-West,0.624,0
P01622,2026-01-29,Xbox,LATAM,0.894,1
P01623,2026-01-30,PC,LATAM,0.953,0
P01624,2026-01-24,PC,NA-West,0.377,0
P01625,2026-01-24,PC,NA-West,0.957,0
P01626,2026-03-29,PC,LATAM,0.897,0
P01627,2026-03-24,Xbox,NA-West,1.158,0
P01628,2026-01-02,PC,NA-East,0.728,0
P01629,2026-03-24,PC,EU,1.171,0
P01630,2026-03-22,PC,NA-East,0.497,0
P01631,2026-02-13,PC,LATAM,1.089,0
P01632,2026-02-26,PS5,NA-West,1.12,0
P01633,2026-03-11,PC,NA-East,0.825,0
P01634,2026-01-14,PS5,NA-West,0.844,1
P01635,2026-01-29,PC,EU,1.365,0
P01636,2026-01-29,Xbox,NA-East,1.469,0
P01637,2026-01-15,PS5,EU,1.14,1
P01638,2026-02-12,PC,NA-East,1.584,0
P01639,2026-01-23,PC,LATAM,0.715,1
P01640,2026-03-27,PS5,EU,0.812,0
P01641,2026-02-04,PS5,NA-East,1.446,0
P01642,2026-01-20,PC,LATAM,1.034,0
P01643,2026-03-03,PS5,EU,1.068,0
P01644,2026-02-11,PS5,EU,1.222,0
P01645,2026-02-24,Xbox,EU,0.2,1
P01646,2026-03-25,Xbox,LATAM,1.303,0
P01647,2026-03-05,PS5,NA-East,0.364,0
P01648,2026-02-23,Xbox,NA-West,0.403,0
P01649,2026-01-31,PC,EU,0.848,0
P01650,2026-01-18,PS5,EU,1.108,0
P01651,2026-01-18,Xbox,LATAM,0.946,1
P01652,2026-01-29,Xbox,NA-West,1.179,0
P01653,2026-01-04,PC,NA-East,0.878,0
P01654,2026-01-10,PC,NA-East,0.535,1
P01655,2026-01-19,Xbox,LATAM,1.123,1
P01656,2026-01-24,Xbox,EU,0.811,0
P01657,2026-02-13,PC,EU,0.527,1
P01658,2026-01-08,PC,NA-West,1.066,1
P01659,2026-02-24,Xbox,EU,0.695,0
P01660,2026-03-06,PC,EU,0.913,0
P01661,2026-03-08,Xbox,NA-West,0.382,1
P01662,2026-01-08,Xbox,NA-East,1.043,0
P01663,2026-03-01,PS5,LATAM,0.496,1
P01664,2026-02-17,PC,NA-East,0.861,0
P01665,2026-03-19,PC,EU,1.057,0
P01666,2026-01-14,PS5,NA-West,1.433,0
P01667,2026-03-23,PC,NA-East,1.234,0
P01668,2026-03-03,PS5,NA-East,1.292,0
P01669,2026-02-06,PS5,LATAM,1.398,0
P01670,2026-01-17,PS5,NA-East,0.954,0
P01671,2026-01-20,PS5,NA-East,1.617,0
P01672,2026-01-20,Xbox,NA-East,0.942,0
P01673,2026-01-30,Xbox,NA-West,1.475,0
P01674,2026-01-21,Xbox,EU,1.413,0
P01675,2026-01-17,PS5,NA-East,0.824,0
P01676,2026-03-29,Xbox,NA-East,0.818,0
P01677,2026-03-14,PC,NA-West,0.715,0
P01678,2026-02-09,PC,LATAM,0.2,0
P01679,2026-02-10,PC,EU,1.142,0
P01680,2026-02-15,PS5,EU,1.186,0
P01681,2026-02-02,PC,NA-East,1.031,0
P01682,2026-03-04,PS5,LATAM,1.671,0
P01683,2026-03-29,Xbox,EU,1.231,0
P01684,2026-03-29,Xbox,NA-East,0.673,0
P01685,2026-03-24,Xbox,NA-East,1.58,1
P01686,2026-01-14,PS5,NA-East,0.948,1
P01687,2026-03-01,PS5,LATAM,0.842,0
P01688,2026-01-24,PS5,LATAM,0.911,0
P01689,2026-02-12,Xbox,LATAM,1.295,1
P01690,2026-03-02,Xbox,NA-West,1.29,0
P01691,2026-01-19,PC,LATAM,0.804,0
P01692,2026-02-16,PC,NA-East,1.239,0
P01693,2026-01-03,PS5,EU,1.508,0
P01694,2026-01-11,PC,EU,1.176,0
P01695,2026-02-27,Xbox,EU,1.295,0
P01696,2026-01-07,PS5,EU,1.63,1
P01697,2026-02-14,Xbox,NA-West,1.375,0
P01698,2026-02-25,PS5,NA-East,0.671,0
P01699,2026-03-18,Xbox,NA-West,1.178,1
P01700,2026-02-10,PC,LATAM,1.742,0
P01701,2026-01-15,PS5,NA-East,1.137,0
P01702,2026-01-17,Xbox,NA-East,0.668,0
P01703,2026-01-25,PC,LATAM,0.614,1
P01704,2026-01-27,Xbox,NA-East,1.893,0
P01705,2026-02-16,Xbox,NA-East,1.742,0
P01706,2026-03-25,PS5,EU,1.362,0
P01707,2026-02-24,PC,NA-West,0.411,0
P01708,2026-02-17,Xbox,LATAM,1.209,1
P01709,2026-03-26,PS5,NA-East,0.859,0
P01710,2026-01-14,PS5,NA-East,1.054,0
P01711,2026-03-21,PS5,NA-East,1.144,0
P01712,2026-02-23,Xbox,LATAM,1.144,1
P01713,2026-03-02,PS5,LATAM,1.31,0
P01714,2026-03-24,PC,EU,0.835,0
P01715,2026-03-06,PS5,EU,0.849,0
P01716,2026-02-23,PS5,NA-East,0.985,1
P01717,2026-01-20,Xbox,EU,1.169,0
P01718,2026-03-15,PS5,NA-West,1.26,0
P01719,2026-02-20,Xbox,LATAM,1.298,0
P01720,2026-03-23,PS5,EU,0.564,0
P01721,2026-02-25,PC,NA-East,1.066,0
P01722,2026-02-20,PS5,NA-West,1.271,0
P01723,2026-01-27,PC,NA-West,1.066,1
P01724,2026-04-01,Xbox,LATAM,0.2,0
P01725,2026-01-17,PS5,NA-West,1.494,0
P01726,2026-01-29,PC,LATAM,0.874,0
P01727,2026-03-26,PC,NA-East,1.138,0
P01728,2026-03-16,Xbox,NA-East,1.114,0
P01729,2026-02-06,PC,LATAM,0.983,0
P01730,2026-01-27,PC,LATAM,0.685,1
P01731,2026-03-22,PS5,EU,1.474,0
P01732,2026-02-27,PC,NA-West,1.079,0
P01733,2026-03-22,PS5,EU,0.931,0
P01734,2026-03-20,Xbox,EU,0.972,0
P01735,2026-01-25,Xbox,NA-West,0.659,0
P01736,2026-02-16,PS5,NA-West,1.184,1
P01737,2026-03-30,PS5,NA-West,1.257,0
P01738,2026-02-14,PS5,LATAM,0.868,0
P01739,2026-02-21,PC,EU,1.235,0
P01740,2026-01-14,PS5,NA-West,0.484,0
P01741,2026-03-04,Xbox,EU,0.652,0
P01742,2026-03-21,PC,EU,1.268,0
P01743,2026-03-22,PC,EU,1.161,0
P01744,2026-02-07,Xbox,EU,0.43,0
P01745,2026-01-15,PC,EU,1.132,1
P01746,2026-01-28,PS5,NA-East,0.814,0
P01747,2026-03-30,PS5,EU,1.312,0
P01748,2026-03-13,PC,NA-West,1.261,1
P01749,2026-02-05,Xbox,NA-East,0.822,0
P01750,2026-03-24,PS5,EU,0.482,1
P01751,2026-01-07,PS5,LATAM,1.134,0
P01752,2026-02-27,PS5,NA-West,1.148,0
P01753,2026-02-06,Xbox,NA-East,1.608,0
P01754,2026-02-06,PC,NA-East,1.621,1
P01755,2026-01-03,PS5,EU,1.142,0
P01756,2026-02-14,PS5,LATAM,0.638,0
P01757,2026-02-20,PS5,NA-East,0.698,0
P01758,2026-03-21,PC,NA-West,1.199,1
P01759,2026-02-11,PC,NA-West,1.362,0
P01760,2026-02-17,PC,NA-East,1.176,0
P01761,2026-01-06,PC,EU,1.651,1
P01762,2026-03-20,Xbox,NA-West,1.088,0
P01763,2026-03-16,PC,LATAM,0.824,0
P01764,2026-03-27,Xbox,LATAM,1.308,0
P01765,2026-02-05,PC,NA-East,0.752,1
P01766,2026-02-07,PC,NA-West,0.922,0
P01767,2026-01-10,PC,NA-West,1.121,0
P01768,2026-02-19,PC,EU,1.063,0
P01769,2026-02-09,Xbox,NA-East,0.868,0
P01770,2026-01-29,PS5,NA-West,1.299,0
P01771,2026-01-25,Xbox,EU,1.333,0
P01772,2026-03-15,PC,NA-East,0.882,0
P01773,2026-02-28,Xbox,LATAM,1.032,0
P01774,2026-01-16,PS5,NA-West,1.131,0
P01775,2026-03-06,PS5,EU,0.714,0
P01776,2026-01-07,PS5,NA-West,0.662,0
P01777,2026-02-21,Xbox,LATAM,1.125,0
P01778,2026-01-14,PC,NA-West,0.788,0
P01779,2026-01-05,Xbox,NA-East,0.77,0
P01780,2026-03-21,PS5,NA-East,0.889,0
P01781,2026-03-30,PC,EU,0.973,0
P01782,2026-04-01,PC,NA-West,0.532,0
P01783,2026-03-31,Xbox,NA-West,0.587,0
P01784,2026-03-29,PS5,NA-West,1.204,0
P01785,2026-03-27,PC,EU,0.688,0
P01786,2026-01-22,Xbox,EU,0.705,0
P01787,2026-03-16,PS5,NA-East,1.711,1
P01788,2026-01-03,PC,NA-West,0.2,0
P01789,2026-01-13,PS5,LATAM,1.511,0
P01790,2026-02-14,PS5,EU,1.269,0
P01791,2026-01-02,PS5,LATAM,1.139,0
P01792,2026-03-29,PC,LATAM,0.504,0
P01793,2026-03-26,PC,NA-West,1.329,0
P01794,2026-03-31,Xbox,NA-East,1.326,0
P01795,2026-02-18,Xbox,LATAM,0.416,0
P01796,2026-03-09,PS5,EU,1.349,1
P01797,2026-02-23,PC,NA-East,1.265,0
P01798,2026-03-31,PS5,LATAM,0.733,0
P01799,2026-02-14,PS5,NA-West,0.779,1
P01800,2026-01-20,Xbox,NA-West,0.714,0
P01801,2026-02-06,PS5,NA-East,1.269,0
P01802,2026-03-17,PC,LATAM,1.289,0
P01803,2026-01-01,PS5,NA-West,1.181,0
P01804,2026-02-04,PS5,NA-East,1.355,1
P01805,2026-01-05,Xbox,LATAM,0.677,0
P01806,2026-01-13,Xbox,EU,1.616,0
P01807,2026-02-25,Xbox,NA-West,0.867,0
P01808,2026-01-26,PC,EU,1.0,1
P01809,2026-02-08,Xbox,NA-West,0.55,0
P01810,2026-02-25,Xbox,EU,1.352,0
P01811,2026-03-29,PS5,LATAM,0.908,0
P01812,2026-02-22,PC,LATAM,0.25,1
P01813,2026-01-18,PC,EU,0.777,0
P01814,2026-03-11,PC,LATAM,1.58,0
P01815,2026-03-27,Xbox,LATAM,1.635,0
P01816,2026-01-11,Xbox,NA-East,1.62,0
P01817,2026-01-13,Xbox,EU,1.197,0
P01818,2026-01-16,Xbox,NA-East,0.969,0
P01819,2026-03-08,PS5,NA-West,1.355,1
P01820,2026-03-28,Xbox,EU,0.87,0
P01821,2026-01-01,PC,NA-East,1.168,0
P01822,2026-01-20,PC,NA-West,0.859,0
P01823,2026-03-02,PS5,NA-East,1.411,0
P01824,2026-02-08,PC,EU,0.2,0
P01825,2026-03-29,PC,LATAM,0.524,1
P01826,2026-01-03,Xbox,NA-West,1.258,1
P01827,2026-03-31,PS5,EU,0.619,0
P01828,2026-03-17,PS5,LATAM,0.481,0
P01829,2026-01-14,PC,NA-East,0.375,0
P01830,2026-01-16,PS5,NA-East,0.952,0
P01831,2026-03-26,PS5,NA-West,0.925,0
P01832,2026-02-28,PS5,NA-West,0.833,1
P01833,2026-04-01,PC,NA-West,0.585,0
P01834,2026-03-14,PC,EU,0.705,0
P01835,2026-03-26,Xbox,LATAM,0.886,0
P01836,2026-03-02,Xbox,EU,0.826,0
P01837,2026-02-11,Xbox,LATAM,0.609,0
P01838,2026-01-04,PC,NA-East,1.123,0
P01839,2026-03-28,Xbox,NA-West,0.415,1
P01840,2026-01-23,PS5,NA-East,0.953,0
P01841,2026-02-02,PC,LATAM,1.51,0
P01842,2026-03-19,PC,EU,0.942,1
P01843,2026-02-27,Xbox,NA-West,0.246,1
P01844,2026-03-04,PC,NA-West,0.735,0
P01845,2026-03-09,Xbox,NA-East,1.082,0
P01846,2026-03-27,PC,NA-East,1.075,0
P01847,2026-02-22,PS5,NA-West,0.364,0
P01848,2026-03-24,PC,LATAM,0.776,0
P01849,2026-02-15,PC,NA-East,0.671,0
P01850,2026-03-22,PC,NA-West,0.904,0
P01851,2026-02-08,PC,EU,1.331,1
P01852,2026-02-07,Xbox,EU,1.235,1
P01853,2026-01-21,Xbox,NA-West,1.135,0
P01854,2026-03-20,PC,NA-East,0.647,0
P01855,2026-02-03,PS5,EU,0.949,0
P01856,2026-01-08,Xbox,EU,1.282,0
P01857,2026-03-26,PS5,NA-East,1.107,0
P01858,2026-03-14,PC,EU,1.45,0
P01859,2026-02-23,PC,LATAM,0.607,0
P01860,2026-02-04,PS5,NA-West,0.973,0
P01861,2026-02-25,PC,NA-East,0.396,0
P01862,2026-01-04,Xbox,LATAM,1.094,0
P01863,2026-01-03,PS5,NA-West,0.892,0
P01864,2026-02-24,PC,EU,0.835,0
P01865,2026-02-13,PC,NA-East,0.889,0
P01866,2026-01-30,Xbox,NA-East,0.5,0
P01867,2026-01-02,PC,NA-East,1.186,0
P01868,2026-02-26,PS5,NA-West,1.044,0
P01869,2026-01-17,PC,NA-East,0.686,0
P01870,2026-03-11,PS5,NA-West,1.15,1
P01871,2026-02-08,PS5,NA-West,1.568,0
P01872,2026-02-04,PC,NA-East,0.817,1
P01873,2026-02-22,PS5,NA-East,0.865,0
P01874,2026-01-18,PS5,NA-West,1.231,0
P01875,2026-01-19,PS5,LATAM,1.25,0
P01876,2026-01-03,PS5,LATAM,0.908,0
P01877,2026-01-11,PS5,LATAM,1.639,1
P01878,2026-02-18,PC,LATAM,0.921,1
P01879,2026-02-25,PC,EU,0.496,0
P01880,2026-03-19,PS5,NA-West,1.009,0
P01881,2026-02-13,PS5,NA-East,0.926,0
P01882,2026-03-12,Xbox,EU,0.573,0
P01883,2026-03-10,Xbox,EU,0.556,1
P01884,2026-02-18,PC,NA-West,0.2,0
P01885,2026-02-05,PC,NA-West,1.263,0
P01886,2026-02-07,Xbox,EU,0.817,0
P01887,2026-03-26,Xbox,NA-East,0.998,1
P01888,2026-03-14,PC,LATAM,0.646,0
P01889,2026-02-26,PS5,LATAM,1.096,0
P01890,2026-03-13,PC,EU,1.024,0
P01891,2026-03-12,PC,EU,0.95,0
P01892,2026-02-05,PC,NA-West,0.975,1
P01893,2026-03-21,Xbox,NA-East,0.858,0
P01894,2026-03-06,PC,NA-West,1.295,0
P01895,2026-02-03,PS5,NA-East,1.062,0
P01896,2026-02-14,PC,NA-East,1.322,1
P01897,2026-02-11,Xbox,LATAM,0.405,0
P01898,2026-02-24,PS5,EU,1.138,0
P01899,2026-02-22,PS5,NA-East,1.271,0
P01900,2026-01-06,Xbox,NA-East,0.949,1
P01901,2026-01-28,Xbox,EU,1.149,0
P01902,2026-02-18,Xbox,NA-West,1.044,0
P01903,2026-03-25,PC,LATAM,1.124,0
P01904,2026-01-16,PC,LATAM,1.247,0
P01905,2026-03-08,Xbox,EU,0.742,0
P01906,2026-02-12,PS5,NA-West,1.026,1
P01907,2026-01-15,PS5,EU,0.867,0
P01908,2026-03-13,Xbox,LATAM,0.224,0
P01909,2026-02-27,PC,NA-West,1.057,0
P01910,2026-02-22,Xbox,EU,0.762,0
P01911,2026-02-13,PS5,NA-West,0.944,0
P01912,2026-03-22,PC,LATAM,1.171,1
P01913,2026-01-16,Xbox,LATAM,0.48,0
P01914,2026-01-17,PC,NA-West,1.452,0
P01915,2026-01-17,PS5,LATAM,0.572,0
P01916,2026-02-21,PS5,NA-East,0.915,0
P01917,2026-02-13,Xbox,NA-East,0.593,0
P01918,2026-02-15,Xbox,LATAM,1.732,0
P01919,2026-02-25,PC,NA-West,0.903,0
P01920,2026-03-17,PC,NA-West,1.711,0
P01921,2026-03-17,PS5,LATAM,0.563,0
P01922,2026-01-23,PC,NA-West,0.535,0
P01923,2026-02-13,Xbox,LATAM,1.403,0
P01924,2026-02-19,PC,NA-East,0.908,0
P01925,2026-01-27,Xbox,EU,0.744,1
P01926,2026-02-06,PS5,LATAM,1.146,1
P01927,2026-01-22,Xbox,NA-East,0.813,0
P01928,2026-03-27,Xbox,NA-West,0.972,1
P01929,2026-01-06,PC,NA-East,1.422,0
P01930,2026-01-04,Xbox,LATAM,0.806,0
P01931,2026-03-08,PC,NA-East,1.27,0
P01932,2026-02-25,PC,EU,0.851,0
P01933,2026-01-15,Xbox,NA-West,1.619,0
P01934,2026-02-11,PS5,NA-East,1.175,0
P01935,2026-02-10,PC,EU,1.076,0
P01936,2026-03-13,PC,NA-East,0.62,0
P01937,2026-03-17,Xbox,NA-West,0.403,1
P01938,2026-01-20,PS5,EU,0.776,1
P01939,2026-03-23,Xbox,NA-West,1.611,0
P01940,2026-01-09,Xbox,NA-West,0.52,1
P01941,2026-03-30,Xbox,NA-West,0.972,0
P01942,2026-03-03,PS5,NA-West,0.2,0
P01943,2026-03-27,PS5,EU,0.378,0
P01944,2026-02-07,PS5,LATAM,1.14,0
P01945,2026-02-11,PC,LATAM,1.006,0
P01946,2026-03-26,Xbox,NA-West,1.409,0
P01947,2026-03-03,Xbox,LATAM,1.375,0
P01948,2026-01-04,PS5,NA-East,0.894,0
P01949,2026-02-11,PS5,LATAM,0.978,0
P01950,2026-02-03,Xbox,NA-West,1.236,0
P01951,2026-01-06,Xbox,NA-West,0.871,0
P01952,2026-03-22,Xbox,EU,1.707,1
P01953,2026-03-11,PS5,NA-East,1.556,0
P01954,2026-02-12,Xbox,NA-East,1.509,0
P01955,2026-03-08,PC,LATAM,1.107,0
P01956,2026-01-30,PS5,EU,0.948,0
P01957,2026-03-12,PC,NA-East,0.913,0
P01958,2026-03-09,PS5,NA-East,1.282,1
P01959,2026-02-08,Xbox,NA-West,1.489,1
P01960,2026-01-16,PS5,NA-West,1.131,0
P01961,2026-02-04,Xbox,LATAM,1.09,1
P01962,2026-03-11,Xbox,LATAM,0.841,0
P01963,2026-03-19,PS5,NA-East,1.389,0
P01964,2026-02-28,Xbox,LATAM,1.08,0
P01965,2026-02-24,Xbox,EU,1.762,0
P01966,2026-03-31,PC,LATAM,0.744,0
P01967,2026-02-17,PS5,NA-West,1.044,0
P01968,2026-01-04,PS5,LATAM,0.797,0
P01969,2026-03-24,Xbox,NA-East,0.928,1
P01970,2026-01-22,Xbox,NA-West,1.22,1
P01971,2026-02-21,Xbox,NA-West,0.705,0
P01972,2026-03-05,PS5,NA-West,0.996,1
P01973,2026-03-30,PC,EU,0.672,0
P01974,2026-03-13,PS5,NA-West,1.122,0
P01975,2026-04-01,Xbox,NA-East,0.557,0
P01976,2026-02-24,PC,NA-West,0.894,0
P01977,2026-01-16,PC,NA-East,1.189,0
P01978,2026-03-05,PS5,NA-West,1.301,0
P01979,2026-03-12,PC,LATAM,0.958,0
P01980,2026-03-28,PS5,NA-West,0.959,1
P01981,2026-03-08,Xbox,EU,0.75,0
P01982,2026-02-02,PS5,NA-West,0.763,1
P01983,2026-03-02,PC,LATAM,1.362,1
P01984,2026-01-01,Xbox,NA-East,0.915,0
P01985,2026-02-12,Xbox,NA-West,1.406,1
P01986,2026-03-23,Xbox,NA-East,0.767,0
P01987,2026-02-05,PS5,EU,0.836,1
P01988,2026-02-21,Xbox,NA-West,1.411,0
P01989,2026-01-20,PC,EU,1.195,0
P01990,2026-01-17,PS5,EU,1.135,0
P01991,2026-03-17,Xbox,LATAM,0.278,0
P01992,2026-01-01,PC,NA-West,1.219,0
P01993,2026-03-02,PC,NA-West,1.218,0
P01994,2026-02-26,PS5,NA-East,0.647,1
P01995,2026-02-20,PS5,EU,0.752,0
P01996,2026-03-08,Xbox,NA-West,0.942,0
P01997,2026-03-23,PS5,LATAM,1.277,0
P01998,2026-02-02,PS5,EU,0.823,0
P01999,2026-02-16,PS5,LATAM,1.369,0
P02000,2026-03-13,PC,LATAM,1.562,0
P02001,2026-01-02,PC,NA-East,1.111,0
P02002,2026-02-12,PS5,NA-East,1.279,0
P02003,2026-01-05,PS5,NA-East,0.698,0
P02004,2026-04-01,Xbox,NA-East,0.991,0
P02005,2026-03-02,PS5,NA-West,1.495,0
P02006,2026-03-24,PC,EU,1.002,0
P02007,2026-01-20,PC,NA-East,0.94,0
P02008,2026-01-16,PC,EU,1.468,1
P02009,2026-03-11,Xbox,NA-East,0.882,1
P02010,2026-03-28,Xbox,NA-West,1.177,0
P02011,2026-03-17,PC,LATAM,0.942,0
P02012,2026-03-27,Xbox,NA-West,0.938,0
P02013,2026-01-11,Xbox,NA-West,1.049,0
P02014,2026-02-22,PC,EU,1.27,1
P02015,2026-02-14,Xbox,NA-East,1.29,0
P02016,2026-03-01,PC,NA-East,1.666,1
P02017,2026-03-17,PC,NA-East,0.951,0
P02018,2026-02-17,PC,EU,0.305,0
P02019,2026-03-24,Xbox,NA-West,1.655,0
P02020,2026-02-18,PC,EU,0.94,0
P02021,2026-01-25,PS5,EU,0.967,0
P02022,2026-02-03,PS5,EU,1.274,0
P02023,2026-03-08,PC,NA-East,0.53,0
P02024,2026-03-16,PC,LATAM,0.673,0
P02025,2026-03-29,Xbox,EU,1.068,0
P02026,2026-01-27,PC,NA-East,0.98,0
P02027,2026-03-22,Xbox,EU,1.075,0
P02028,2026-02-18,PS5,NA-East,0.59,0
P02029,2026-01-02,PS5,NA-East,1.216,1
P02030,2026-02-15,PC,NA-East,0.864,0
P02031,2026-03-20,PS5,LATAM,0.559,0
P02032,2026-02-01,PS5,LATAM,0.995,0
P02033,2026-02-08,PC,NA-East,1.78,0
P02034,2026-02-04,PC,NA-West,1.339,0
P02035,2026-02-08,Xbox,NA-West,1.686,0
P02036,2026-03-14,PS5,NA-East,1.002,0
P02037,2026-02-09,PS5,LATAM,1.051,0
P02038,2026-02-28,PC,EU,1.198,0
P02039,2026-01-24,PC,NA-West,1.02,1
P02040,2026-03-13,PS5,NA-West,1.192,0
P02041,2026-03-02,PC,LATAM,0.667,0
P02042,2026-03-01,PC,LATAM,0.839,0
P02043,2026-01-18,PS5,LATAM,0.748,0
P02044,2026-03-10,Xbox,NA-East,1.365,1
P02045,2026-03-19,PS5,EU,1.112,0
P02046,2026-01-01,PC,NA-West,0.551,0
P02047,2026-01-25,PC,EU,1.285,0
P02048,2026-01-24,PS5,LATAM,0.744,1
P02049,2026-02-23,Xbox,NA-East,1.151,0
P02050,2026-01-11,Xbox,LATAM,0.677,0
P02051,2026-01-02,Xbox,LATAM,1.098,0
P02052,2026-01-02,PS5,LATAM,0.2,0
P02053,2026-02-08,PC,LATAM,0.487,0
P02054,2026-03-02,PS5,NA-East,0.84,0
P02055,2026-02-24,Xbox,NA-East,0.663,0
P02056,2026-02-13,PS5,NA-West,1.52,0
P02057,2026-03-20,PC,LATAM,0.946,0
P02058,2026-01-16,PC,EU,1.262,0
P02059,2026-02-13,PC,EU,0.729,0
P02060,2026-02-15,PS5,NA-East,0.67,0
P02061,2026-02-15,PS5,NA-West,0.951,0
P02062,2026-03-10,Xbox,LATAM,1.467,0
P02063,2026-02-05,Xbox,NA-West,0.781,0
P02064,2026-03-09,PS5,EU,0.909,1
P02065,2026-03-19,PC,LATAM,1.494,0
P02066,2026-01-11,PS5,LATAM,0.739,0
P02067,2026-01-24,Xbox,NA-East,1.257,0
P02068,2026-02-25,Xbox,EU,1.607,0
P02069,2026-03-20,PC,NA-East,0.316,0
P02070,2026-03-02,PS5,NA-West,1.178,1
P02071,2026-03-27,PC,EU,1.339,0
P02072,2026-02-22,Xbox,NA-West,1.163,1
P02073,2026-03-01,PS5,NA-East,0.224,0
P02074,2026-01-03,Xbox,EU,0.937,0
P02075,2026-03-19,Xbox,EU,1.217,0
P02076,2026-03-02,PS5,EU,1.05,0
P02077,2026-02-26,PS5,NA-West,1.398,0
P02078,2026-01-22,PC,NA-East,0.875,0
P02079,2026-03-13,Xbox,EU,1.145,0
P02080,2026-02-10,PC,NA-West,0.625,0
P02081,2026-03-14,PC,EU,0.2,0
P02082,2026-03-04,Xbox,NA-West,1.339,0
P02083,2026-01-16,PC,EU,1.201,1
P02084,2026-01-21,PS5,LATAM,1.107,0
P02085,2026-01-28,PS5,EU,0.588,0
P02086,2026-03-27,Xbox,EU,1.666,0
P02087,2026-03-10,PS5,LATAM,0.46,1
P02088,2026-02-27,PS5,EU,1.393,1
P02089,2026-02-12,Xbox,NA-East,1.042,0
P02090,2026-03-25,PC,NA-East,0.683,0
P02091,2026-01-18,PC,LATAM,0.68,0
P02092,2026-02-11,Xbox,LATAM,0.837,0
P02093,2026-02-17,Xbox,LATAM,1.47,0
P02094,2026-01-25,PS5,NA-West,1.122,0
P02095,2026-01-26,PC,NA-West,0.871,0
P02096,2026-02-28,PC,NA-West,1.015,0
P02097,2026-03-06,PS5,NA-West,0.602,0
P02098,2026-01-09,Xbox,LATAM,1.09,0
P02099,2026-03-02,PS5,EU,1.087,0
P02100,2026-03-10,Xbox,NA-East,1.439,0
P02101,2026-01-08,Xbox,NA-East,0.906,0
P02102,2026-03-07,PC,NA-East,0.741,0
P02103,2026-02-03,PC,NA-West,1.023,0
P02104,2026-03-26,PS5,NA-West,0.586,1
P02105,2026-02-12,Xbox,LATAM,0.914,0
P02106,2026-02-03,PS5,LATAM,0.706,0
P02107,2026-03-14,PC,NA-West,0.985,0
P02108,2026-01-04,PS5,EU,1.061,1
P02109,2026-01-21,Xbox,LATAM,0.728,0
P02110,2026-01-20,PC,EU,0.979,0
P02111,2026-02-02,PC,EU,0.946,0
P02112,2026-01-02,Xbox,LATAM,0.967,0
P02113,2026-01-22,Xbox,EU,1.495,0
P02114,2026-02-18,PC,LATAM,1.268,0
P02115,2026-02-18,PS5,NA-West,1.845,0
P02116,2026-01-29,Xbox,NA-East,1.282,0
P02117,2026-02-15,Xbox,NA-East,0.546,0
P02118,2026-03-09,PS5,NA-East,1.462,0
P02119,2026-01-13,PS5,NA-East,1.398,0
P02120,2026-01-08,PC,EU,0.598,0
P02121,2026-01-24,PC,NA-West,0.812,0
P02122,2026-02-28,PS5,EU,1.429,1
P02123,2026-01-25,PC,EU,0.918,0
P02124,2026-01-30,PS5,LATAM,1.023,1
P02125,2026-01-07,PC,LATAM,0.792,1
P02126,2026-01-11,Xbox,NA-West,0.841,0
P02127,2026-02-08,PC,LATAM,0.581,0
P02128,2026-01-25,PS5,NA-East,0.579,0
P02129,2026-02-22,PC,EU,0.672,0
P02130,2026-03-07,PS5,NA-West,0.894,1
P02131,2026-03-28,PS5,NA-East,0.721,0
P02132,2026-01-24,Xbox,LATAM,0.694,0
P02133,2026-01-23,PS5,NA-East,1.341,0
P02134,2026-02-26,PC,NA-West,0.707,0
P02135,2026-01-30,PS5,LATAM,1.095,1
P02136,2026-02-08,Xbox,NA-West,1.216,0
P02137,2026-01-25,PC,NA-West,1.063,0
P02138,2026-03-08,PS5,EU,1.506,0
P02139,2026-02-03,PS5,EU,0.321,1
P02140,2026-02-12,PS5,LATAM,0.904,0
P02141,2026-03-14,PS5,NA-East,0.715,0
P02142,2026-02-15,PS5,EU,0.883,1
P02143,2026-04-01,PS5,EU,1.152,0
P02144,2026-01-04,PS5,NA-West,0.73,0
P02145,2026-03-21,PC,NA-East,0.311,0
P02146,2026-02-11,Xbox,LATAM,0.858,0
P02147,2026-01-06,Xbox,LATAM,1.068,0
P02148,2026-03-19,PC,EU,0.895,0
P02149,2026-02-17,PS5,NA-West,0.735,0
P02150,2026-01-10,PS5,NA-West,0.727,0
P02151,2026-03-17,PC,LATAM,0.929,1
P02152,2026-03-15,Xbox,EU,0.507,0
P02153,2026-01-18,Xbox,EU,1.018,0
P02154,2026-02-16,PC,NA-West,1.315,0
P02155,2026-01-30,Xbox,EU,0.695,0
P02156,2026-01-03,PS5,LATAM,1.319,0
P02157,2026-01-07,Xbox,EU,1.061,1
P02158,2026-02-25,PS5,LATAM,1.887,0
P02159,2026-02-12,Xbox,NA-East,0.621,0
P02160,2026-01-15,PC,LATAM,0.386,0
P02161,2026-01-25,PS5,EU,1.007,0
P02162,2026-01-20,Xbox,EU,0.92,0
P02163,2026-03-30,PC,LATAM,0.944,0
P02164,2026-01-01,PC,NA-West,0.752,0
P02165,2026-01-20,Xbox,EU,0.986,0
P02166,2026-03-25,Xbox,EU,0.696,0
P02167,2026-03-15,PC,EU,1.346,1
P02168,2026-01-04,PC,NA-West,0.2,0
P02169,2026-01-09,PC,NA-West,0.858,1
P02170,2026-01-21,PC,EU,0.753,1
P02171,2026-02-26,PC,LATAM,1.609,0
P02172,2026-01-27,PS5,NA-West,0.722,1
P02173,2026-02-18,PC,NA-East,0.848,0
P02174,2026-01-27,Xbox,EU,1.295,0
P02175,2026-02-10,PC,EU,0.793,0
P02176,2026-03-07,PC,LATAM,1.295,0
P02177,2026-02-21,PS5,EU,1.156,0
P02178,2026-02-25,PC,NA-East,1.479,0
P02179,2026-02-19,PS5,EU,1.045,1
P02180,2026-02-01,Xbox,NA-West,1.021,1
P02181,2026-03-02,PC,EU,1.01,0
P02182,2026-02-23,PC,NA-West,1.162,0
P02183,2026-03-27,PC,NA-West,1.3,1
P02184,2026-01-27,PS5,EU,0.831,1
P02185,2026-01-04,PC,NA-West,0.64,0
P02186,2026-01-06,Xbox,NA-West,0.425,0
P02187,2026-01-02,PS5,NA-East,0.856,1
P02188,2026-03-02,Xbox,LATAM,0.647,1
P02189,2026-03-19,PS5,LATAM,1.005,0
P02190,2026-02-02,PS5,NA-East,1.354,0
P02191,2026-03-15,PC,NA-West,1.082,1
P02192,2026-01-11,PS5,NA-East,0.976,0
P02193,2026-02-02,PS5,LATAM,1.205,0
P02194,2026-03-08,PS5,NA-West,0.2,0
P02195,2026-02-17,PC,LATAM,0.756,0
P02196,2026-01-26,Xbox,NA-East,1.059,0
P02197,2026-01-31,Xbox,LATAM,1.162,0
P02198,2026-02-14,Xbox,LATAM,1.269,1
P02199,2026-01-28,PS5,NA-East,0.738,0
P02200,2026-03-25,PS5,NA-West,1.092,0
P02201,2026-03-04,PC,EU,1.053,0
P02202,2026-02-03,Xbox,NA-East,1.308,0
P02203,2026-01-17,PC,NA-East,1.788,0
P02204,2026-02-07,PS5,LATAM,1.227,0
P02205,2026-01-11,PC,LATAM,1.914,0
P02206,2026-03-07,PC,NA-East,1.227,1
P02207,2026-02-15,Xbox,NA-East,0.399,0
P02208,2026-02-16,Xbox,NA-West,0.478,0
P02209,2026-01-13,Xbox,NA-West,0.79,0
P02210,2026-01-20,PS5,NA-West,0.2,0
P02211,2026-02-21,PS5,LATAM,0.783,1
P02212,2026-01-18,PC,EU,0.947,0
P02213,2026-03-27,Xbox,NA-East,0.701,1
P02214,2026-02-22,PC,NA-West,1.255,0
P02215,2026-01-21,PC,NA-West,0.788,0
P02216,2026-01-10,PC,LATAM,1.127,1
P02217,2026-03-16,PS5,NA-West,1.189,0
P02218,2026-02-11,PS5,NA-East,1.174,0
P02219,2026-03-18,PS5,NA-East,0.494,0
P02220,2026-03-20,Xbox,EU,0.872,0
P02221,2026-01-06,PC,LATAM,0.458,1
P02222,2026-01-22,PS5,EU,1.382,0
P02223,2026-01-14,Xbox,EU,1.482,1
P02224,2026-03-27,PS5,LATAM,0.456,1
P02225,2026-01-14,Xbox,EU,1.188,0
P02226,2026-03-23,PS5,EU,0.635,1
P02227,2026-01-13,Xbox,LATAM,0.907,0
P02228,2026-02-25,Xbox,LATAM,0.917,0
P02229,2026-03-14,Xbox,LATAM,0.699,1
P02230,2026-01-14,PC,NA-East,0.476,0
P02231,2026-01-31,Xbox,LATAM,0.665,0
P02232,2026-01-06,PS5,NA-East,0.646,0
P02233,2026-03-22,PC,NA-West,0.987,0
P02234,2026-01-04,PS5,LATAM,0.787,0
P02235,2026-02-28,Xbox,EU,1.157,0
P02236,2026-02-01,PS5,LATAM,0.898,0
P02237,2026-03-23,PC,EU,0.949,0
P02238,2026-02-14,PS5,NA-East,1.042,0
P02239,2026-03-20,PC,EU,0.385,0
P02240,2026-01-13,PS5,EU,1.131,0
P02241,2026-03-23,PS5,LATAM,1.134,0
P02242,2026-02-26,PC,EU,1.465,0
P02243,2026-01-25,Xbox,EU,0.333,0
P02244,2026-03-10,PC,NA-West,1.213,1
P02245,2026-03-18,PS5,NA-West,1.444,0
P02246,2026-03-10,PS5,NA-East,0.886,0
P02247,2026-02-07,PS5,NA-West,0.296,0
P02248,2026-01-06,PS5,NA-East,1.005,0
P02249,2026-03-30,PC,LATAM,1.261,0
P02250,2026-01-28,PC,LATAM,1.179,0
P02251,2026-02-23,PC,LATAM,0.2,0
P02252,2026-03-08,PS5,EU,0.57,0
P02253,2026-02-16,PS5,EU,1.09,0
P02254,2026-01-31,Xbox,NA-West,0.86,0
P02255,2026-03-31,PC,NA-East,1.008,0
P02256,2026-03-06,PC,NA-West,0.888,0
P02257,2026-03-31,PC,LATAM,0.727,0
P02258,2026-01-07,Xbox,LATAM,0.636,1
P02259,2026-01-22,Xbox,NA-East,1.378,0
P02260,2026-03-03,Xbox,EU,1.133,1
P02261,2026-02-05,Xbox,NA-East,0.231,0
P02262,2026-03-04,PC,LATAM,0.46,1
P02263,2026-02-27,PS5,EU,0.801,1
P02264,2026-03-07,Xbox,EU,1.184,0
P02265,2026-03-20,Xbox,NA-East,1.554,0
P02266,2026-01-10,Xbox,NA-West,0.675,0
P02267,2026-02-01,PC,NA-West,1.599,1
P02268,2026-03-05,PC,LATAM,0.958,0
P02269,2026-03-29,Xbox,LATAM,0.728,1
P02270,2026-02-13,PC,LATAM,1.124,0
P02271,2026-03-05,PC,NA-West,1.229,0
P02272,2026-03-24,PC,EU,0.786,0
P02273,2026-03-19,Xbox,EU,1.414,1
P02274,2026-01-01,PC,EU,1.418,0
P02275,2026-01-04,PS5,NA-East,1.14,0
P02276,2026-01-25,Xbox,NA-West,0.731,0
P02277,2026-01-13,Xbox,EU,1.536,0
P02278,2026-02-26,PC,NA-West,0.805,0
P02279,2026-02-26,Xbox,NA-East,1.097,0
P02280,2026-02-09,Xbox,NA-West,1.153,0
P02281,2026-01-22,Xbox,NA-West,1.333,0
P02282,2026-02-13,Xbox,LATAM,1.744,0
P02283,2026-01-15,PC,EU,0.937,0
P02284,2026-03-04,PS5,NA-East,1.135,0
P02285,2026-03-03,Xbox,NA-East,1.287,0
P02286,2026-01-12,Xbox,LATAM,0.841,0
P02287,2026-03-24,PS5,NA-West,1.093,1
P02288,2026-03-22,PC,LATAM,0.665,1
P02289,2026-01-14,PS5,EU,0.825,0
P02290,2026-02-06,Xbox,NA-East,1.071,0
P02291,2026-01-12,Xbox,NA-West,0.836,0
P02292,2026-01-07,PS5,LATAM,0.894,0
P02293,2026-03-10,PS5,NA-West,1.619,0
P02294,2026-03-29,PC,LATAM,0.759,0
P02295,2026-01-29,PC,LATAM,0.968,0
P02296,2026-03-23,PS5,NA-West,0.919,0
P02297,2026-01-15,PC,EU,1.03,0
P02298,2026-02-19,PS5,NA-East,1.156,0
P02299,2026-03-18,PS5,EU,1.013,1
P02300,2026-03-25,Xbox,NA-East,0.977,0
P02301,2026-02-22,PC,LATAM,0.518,1
P02302,2026-01-02,Xbox,LATAM,0.754,0
P02303,2026-03-30,PC,NA-West,1.084,0
P02304,2026-03-04,PC,EU,1.397,0
P02305,2026-03-30,PS5,EU,0.652,1
P02306,2026-01-16,PC,NA-East,0.424,0
P02307,2026-03-05,PC,LATAM,1.129,0
P02308,2026-01-15,PC,NA-East,1.089,0
P02309,2026-01-09,PS5,NA-West,1.025,0
P02310,2026-01-06,PC,NA-West,0.784,0
P02311,2026-01-06,PS5,EU,0.226,0
P02312,2026-02-14,PC,LATAM,0.268,0
P02313,2026-02-07,Xbox,NA-West,0.75,0
P02314,2026-02-26,PC,EU,1.372,0
P02315,2026-01-19,PC,NA-East,0.707,0
P02316,2026-03-10,Xbox,EU,1.555,0
P02317,2026-01-19,PC,LATAM,1.433,0
P02318,2026-01-08,PC,NA-West,1.233,0
P02319,2026-01-05,Xbox,LATAM,0.874,0
P02320,2026-03-24,PS5,LATAM,0.598,0
P02321,2026-01-31,PS5,LATAM,0.803,0
P02322,2026-01-20,PC,NA-West,0.31,0
P02323,2026-01-23,PS5,NA-West,1.338,0
P02324,2026-01-03,PC,LATAM,0.731,0
P02325,2026-03-11,PC,EU,1.618,0
P02326,2026-02-21,Xbox,LATAM,0.68,0
P02327,2026-02-19,Xbox,LATAM,0.691,1
P02328,2026-03-09,PC,NA-West,1.067,0
P02329,2026-03-26,PS5,LATAM,1.071,0
P02330,2026-02-09,PC,LATAM,1.044,0
P02331,2026-03-21,PS5,NA-West,0.801,0
P02332,2026-03-08,PC,NA-West,0.238,0
P02333,2026-03-27,Xbox,NA-West,1.471,1
P02334,2026-03-15,PS5,EU,1.046,0
P02335,2026-01-17,Xbox,NA-East,1.032,0
P02336,2026-01-09,PC,EU,1.04,0
P02337,2026-02-10,Xbox,NA-West,1.299,0
P02338,2026-02-09,PS5,LATAM,1.179,0
P02339,2026-04-01,Xbox,NA-West,1.135,0
P02340,2026-01-20,Xbox,LATAM,1.091,1
P02341,2026-03-12,PS5,NA-West,0.625,0
P02342,2026-03-26,PC,NA-East,1.722,0
P02343,2026-02-18,PC,EU,0.607,0
P02344,2026-03-16,PC,LATAM,0.657,0
P02345,2026-03-14,PC,EU,0.823,1
P02346,2026-01-18,PC,NA-East,0.625,0
P02347,2026-03-27,PS5,NA-East,1.162,1
P02348,2026-03-05,PS5,NA-West,1.733,0
P02349,2026-02-02,Xbox,NA-East,1.101,0
P02350,2026-01-22,PS5,EU,1.245,0
P02351,2026-02-25,Xbox,LATAM,0.854,0
P02352,2026-02-12,Xbox,NA-East,0.824,0
P02353,2026-01-03,PS5,LATAM,0.924,0
P02354,2026-03-30,PS5,EU,0.745,0
P02355,2026-02-24,PS5,EU,0.733,0
P02356,2026-03-04,PS5,NA-East,0.971,0
P02357,2026-02-10,PC,NA-West,1.48,0
P02358,2026-01-14,PC,NA-West,1.01,0
P02359,2026-01-31,PC,NA-East,1.126,0
P02360,2026-02-13,PC,LATAM,1.333,0
P02361,2026-02-12,PC,NA-East,1.037,0
P02362,2026-01-26,PC,NA-East,1.696,0
P02363,2026-01-12,PC,NA-West,1.62,1
P02364,2026-01-11,PC,LATAM,0.628,0
P02365,2026-04-01,PC,LATAM,1.476,0
P02366,2026-03-28,PS5,NA-West,0.417,0
P02367,2026-01-11,PC,NA-West,1.104,0
P02368,2026-03-31,PS5,NA-West,1.017,0
P02369,2026-03-23,PS5,EU,1.151,0
P02370,2026-02-02,Xbox,NA-East,1.257,0
P02371,2026-03-29,PC,NA-East,0.994,1
P02372,2026-02-14,PS5,NA-East,1.101,0
P02373,2026-02-27,PC,EU,1.576,0
P02374,2026-02-16,PC,EU,0.847,0
P02375,2026-02-10,PS5,EU,0.451,0
P02376,2026-03-04,PC,NA-West,0.491,1
P02377,2026-01-06,PS5,EU,0.87,0
P02378,2026-02-21,PS5,NA-West,0.27,1
P02379,2026-02-19,PC,EU,0.932,0
P02380,2026-03-22,PS5,NA-West,1.197,1
P02381,2026-01-24,PS5,NA-West,1.013,0
P02382,2026-01-26,PS5,EU,1.346,0
P02383,2026-03-04,PS5,NA-West,0.678,0
P02384,2026-03-27,PC,EU,1.831,0
P02385,2026-03-19,PS5,NA-West,0.937,0
P02386,2026-01-02,PS5,EU,1.477,0
P02387,2026-02-24,Xbox,EU,0.638,0
P02388,2026-02-17,PS5,LATAM,1.246,0
P02389,2026-02-27,PS5,NA-West,0.82,0
P02390,2026-02-10,PS5,EU,0.497,0
P02391,2026-03-15,PC,EU,1.147,0
P02392,2026-03-15,Xbox,NA-West,1.248,0
P02393,2026-02-01,PC,EU,0.607,0
P02394,2026-01-13,PS5,NA-East,0.852,0
P02395,2026-03-01,Xbox,EU,0.411,0
P02396,2026-02-19,PS5,NA-West,1.106,0
P02397,2026-01-08,PC,EU,0.755,0
P02398,2026-03-21,PS5,EU,0.804,0
P02399,2026-02-10,Xbox,NA-West,0.657,0
P02400,2026-03-18,PC,NA-West,0.769,0
P02401,2026-03-06,PS5,NA-East,0.875,1
P02402,2026-01-27,Xbox,LATAM,1.049,1
P02403,2026-03-01,PS5,LATAM,1.178,0
P02404,2026-03-18,PS5,LATAM,0.715,0
P02405,2026-04-01,Xbox,NA-West,0.775,0
P02406,2026-01-03,Xbox,LATAM,1.501,1
P02407,2026-02-10,PC,LATAM,1.167,0
P02408,2026-02-20,PC,EU,1.211,1
P02409,2026-03-14,Xbox,NA-West,1.406,0
P02410,2026-01-09,PC,NA-West,1.104,1
P02411,2026-02-16,PS5,EU,1.313,0
P02412,2026-03-05,PS5,LATAM,0.898,0
P02413,2026-03-12,PS5,NA-West,1.284,0
P02414,2026-02-03,Xbox,NA-East,1.017,1
P02415,2026-03-31,PC,NA-West,1.016,0
P02416,2026-01-18,Xbox,LATAM,0.691,1
P02417,2026-02-07,Xbox,LATAM,0.48,0
P02418,2026-01-06,PC,LATAM,1.029,1
P02419,2026-03-31,Xbox,NA-West,1.632,0
P02420,2026-01-20,Xbox,EU,0.243,0
P02421,2026-02-17,PC,EU,0.794,0
P02422,2026-02-11,Xbox,EU,1.28,0
P02423,2026-02-27,Xbox,LATAM,0.595,0
P02424,2026-01-15,Xbox,NA-West,1.611,1
P02425,2026-03-14,Xbox,NA-West,0.974,0
P02426,2026-02-08,Xbox,NA-West,0.925,0
P02427,2026-02-02,PC,NA-West,1.016,0
P02428,2026-02-12,PS5,EU,1.23,1
P02429,2026-02-20,PS5,LATAM,0.831,0
P02430,2026-02-06,PC,NA-East,1.145,0
P02431,2026-01-01,PC,EU,1.292,0
P02432,2026-02-08,PC,NA-East,0.468,1
P02433,2026-01-28,Xbox,EU,0.433,0
P02434,2026-02-23,PC,NA-East,0.833,0
P02435,2026-02-03,PC,NA-East,0.217,0
P02436,2026-03-29,PS5,NA-West,1.191,0
P02437,2026-01-12,Xbox,EU,0.939,0
P02438,2026-03-31,Xbox,NA-West,0.883,0
P02439,2026-02-20,PS5,LATAM,0.962,0
P02440,2026-02-22,PC,NA-East,1.026,0
P02441,2026-02-05,PC,EU,0.861,0
P02442,2026-02-04,Xbox,LATAM,1.22,0
P02443,2026-03-25,PS5,LATAM,1.433,0
P02444,2026-01-07,PS5,LATAM,0.966,0
P02445,2026-03-11,PS5,NA-West,1.264,1
P02446,2026-03-23,PS5,EU,0.876,0
P02447,2026-02-14,Xbox,LATAM,1.021,0
P02448,2026-02-22,Xbox,EU,0.762,0
P02449,2026-02-12,PS5,NA-West,1.449,0
P02450,2026-02-13,Xbox,NA-West,0.307,0
P02451,2026-03-11,Xbox,NA-West,0.611,0
P02452,2026-01-27,PS5,NA-East,1.159,0
P02453,2026-03-11,PC,EU,1.158,0
P02454,2026-03-27,Xbox,EU,1.537,0
P02455,2026-02-11,Xbox,LATAM,0.929,0
P02456,2026-02-20,PS5,NA-East,1.063,1
P02457,2026-03-24,PC,NA-East,0.364,0
P02458,2026-03-06,PC,EU,1.126,0
P02459,2026-02-21,Xbox,NA-East,0.922,0
P02460,2026-01-25,PC,NA-West,1.087,0
P02461,2026-03-29,PC,LATAM,1.241,0
P02462,2026-03-26,PS5,EU,0.556,0
P02463,2026-01-27,PS5,NA-East,0.839,0
P02464,2026-01-05,PS5,LATAM,0.674,0
P02465,2026-02-19,PS5,EU,1.011,0
P02466,2026-03-29,PC,LATAM,0.918,0
P02467,2026-01-12,PC,NA-West,0.567,0
P02468,2026-03-22,Xbox,EU,1.34,0
P02469,2026-03-02,Xbox,LATAM,1.294,0
P02470,2026-02-22,Xbox,NA-East,1.439,0
P02471,2026-02-26,PS5,LATAM,1.201,0
P02472,2026-03-10,Xbox,NA-East,0.937,0
P02473,2026-03-04,PC,NA-East,1.177,1
P02474,2026-02-12,PC,NA-West,0.522,0
P02475,2026-02-01,Xbox,NA-West,1.605,0
P02476,2026-01-06,Xbox,LATAM,0.92,1
P02477,2026-02-26,PC,NA-East,1.305,0
P02478,2026-01-17,Xbox,NA-East,0.949,0
P02479,2026-02-16,Xbox,EU,1.102,0
P02480,2026-01-14,PS5,LATAM,0.92,1
P02481,2026-01-12,PS5,LATAM,0.932,1
P02482,2026-02-01,PC,NA-East,1.595,0
P02483,2026-03-15,Xbox,EU,1.09,0
P02484,2026-03-03,PC,LATAM,1.565,1
P02485,2026-01-06,PC,LATAM,1.022,1
P02486,2026-01-08,Xbox,EU,0.945,0
P02487,2026-01-02,PS5,NA-West,0.79,0
P02488,2026-01-28,PS5,NA-West,1.149,1
P02489,2026-02-19,PC,NA-West,0.535,0
P02490,2026-03-07,PS5,NA-East,1.362,0
P02491,2026-02-01,Xbox,EU,0.747,0
P02492,2026-02-03,PC,EU,0.513,0
P02493,2026-01-04,PS5,LATAM,1.199,1
P02494,2026-01-29,Xbox,LATAM,0.998,0
P02495,2026-03-23,PS5,LATAM,1.26,0
P02496,2026-02-25,Xbox,NA-East,0.705,0
P02497,2026-01-19,PS5,LATAM,1.014,0
P02498,2026-03-25,PS5,EU,1.273,0
P02499,2026-03-02,Xbox,NA-West,0.655,0
P02500,2026-01-12,Xbox,NA-East,0.658,0
P02501,2026-02-04,Xbox,NA-West,1.653,0
P02502,2026-02-11,PS5,EU,1.378,0
P02503,2026-02-12,PS5,LATAM,0.642,0
P02504,2026-01-25,PC,EU,1.085,0
P02505,2026-03-29,PS5,NA-West,0.718,0
P02506,2026-03-16,Xbox,EU,0.827,0
P02507,2026-01-27,PS5,NA-West,0.595,0
P02508,2026-03-05,Xbox,EU,0.753,0
P02509,2026-02-28,Xbox,NA-East,0.809,0
P02510,2026-02-18,PC,NA-East,1.388,0
P02511,2026-02-02,Xbox,EU,1.347,0
P02512,2026-02-23,PS5,LATAM,1.036,0
P02513,2026-03-02,PC,NA-West,0.72,1
P02514,2026-01-07,PC,EU,1.129,1
P02515,2026-01-13,PC,NA-East,1.476,0
P02516,2026-03-14,Xbox,EU,1.158,0
P02517,2026-01-31,Xbox,EU,1.059,0
P02518,2026-02-15,Xbox,EU,1.108,0
P02519,2026-01-22,PC,NA-East,1.224,0
P02520,2026-01-12,PS5,LATAM,0.565,0
P02521,2026-02-01,PS5,NA-West,1.14,0
P02522,2026-01-29,Xbox,EU,0.995,0
P02523,2026-03-18,PC,NA-East,1.223,0
P02524,2026-02-22,Xbox,LATAM,0.911,0
P02525,2026-02-18,PC,LATAM,1.589,0
P02526,2026-03-09,Xbox,LATAM,0.961,0
P02527,2026-03-19,PC,LATAM,1.054,1
P02528,2026-02-21,PS5,EU,1.081,1
P02529,2026-02-07,PS5,NA-East,1.275,0
P02530,2026-03-14,PS5,NA-East,1.02,1
P02531,2026-02-14,PS5,LATAM,0.955,0
P02532,2026-01-12,PS5,EU,0.701,0
P02533,2026-02-03,Xbox,NA-West,0.789,0
P02534,2026-02-18,PC,NA-West,0.61,1
P02535,2026-03-31,Xbox,EU,0.749,0
P02536,2026-02-07,PC,NA-West,1.236,0
P02537,2026-01-22,PC,NA-East,0.748,0
P02538,2026-01-23,PS5,NA-West,0.906,1
P02539,2026-01-26,PC,EU,0.888,0
P02540,2026-01-23,Xbox,EU,0.406,0
P02541,2026-01-20,PC,EU,0.78,0
P02542,2026-02-04,Xbox,NA-East,0.929,0
P02543,2026-01-22,PC,NA-West,1.194,0
P02544,2026-02-17,PC,LATAM,0.747,0
P02545,2026-01-15,Xbox,NA-East,0.953,0
P02546,2026-02-18,Xbox,LATAM,1.189,0
P02547,2026-02-20,Xbox,LATAM,0.465,0
P02548,2026-03-08,Xbox,LATAM,0.71,0
P02549,2026-03-09,PS5,NA-West,1.195,0
P02550,2026-01-27,PS5,NA-East,2.0,0
P02551,2026-02-22,PC,EU,0.781,0
P02552,2026-01-03,PC,LATAM,1.13,0
P02553,2026-01-18,PC,NA-West,0.824,0
P02554,2026-01-30,PS5,LATAM,1.22,0
P02555,2026-02-17,PS5,NA-East,1.289,0
P02556,2026-01-19,PS5,EU,1.632,0
P02557,2026-03-01,PS5,NA-East,1.616,0
P02558,2026-02-15,PC,LATAM,1.191,0
P02559,2026-02-12,PC,NA-East,1.275,0
P02560,2026-01-19,PC,NA-East,0.984,0
P02561,2026-03-22,PS5,EU,0.923,0
P02562,2026-02-28,PS5,NA-East,0.822,0
P02563,2026-03-16,PS5,LATAM,1.269,0
P02564,2026-01-05,Xbox,NA-East,0.779,0
P02565,2026-01-20,Xbox,LATAM,1.311,0
P02566,2026-03-23,PC,NA-East,0.979,0
P02567,2026-02-05,PS5,NA-East,0.919,0
P02568,2026-01-25,PC,LATAM,0.8,0
P02569,2026-02-02,PC,NA-West,1.24,0
P02570,2026-02-03,PC,LATAM,0.912,0
P02571,2026-01-22,PC,LATAM,1.364,0
P02572,2026-02-13,PS5,EU,0.275,0
P02573,2026-03-12,PS5,EU,1.493,0
P02574,2026-03-27,Xbox,EU,0.77,0
P02575,2026-02-01,PS5,EU,1.011,0
P02576,2026-03-07,PS5,NA-East,0.706,0
P02577,2026-02-08,PC,NA-West,1.086,0
P02578,2026-01-29,PC,NA-East,1.194,0
P02579,2026-03-06,PS5,EU,0.624,1
P02580,2026-02-01,Xbox,NA-East,1.21,0
P02581,2026-01-08,PC,LATAM,0.409,0
P02582,2026-01-04,PS5,NA-West,0.831,0
P02583,2026-03-04,PC,LATAM,1.316,0
P02584,2026-01-31,PC,EU,0.891,1
P02585,2026-02-11,PC,NA-East,0.429,0
P02586,2026-01-02,PC,NA-West,1.218,0
P02587,2026-01-01,PS5,EU,0.911,0
P02588,2026-03-31,PC,NA-West,0.715,0
P02589,2026-02-12,PC,NA-East,1.948,0
P02590,2026-01-25,PS5,NA-East,1.184,0
P02591,2026-02-07,Xbox,EU,0.68,0
P02592,2026-03-01,Xbox,NA-East,0.787,0
P02593,2026-01-29,PS5,NA-West,0.967,0
P02594,2026-02-27,PS5,LATAM,0.736,0
P02595,2026-01-31,Xbox,EU,1.186,0
P02596,2026-03-01,PC,NA-East,1.121,0
P02597,2026-01-16,PC,NA-West,1.747,0
P02598,2026-02-06,Xbox,NA-West,1.068,0
P02599,2026-02-25,Xbox,EU,0.319,0
P02600,2026-01-27,PS5,NA-West,1.405,0
P02601,2026-02-14,PS5,LATAM,1.081,0
P02602,2026-03-05,Xbox,EU,0.2,0
P02603,2026-02-11,Xbox,EU,0.984,0
P02604,2026-03-14,PC,EU,1.151,0
P02605,2026-03-04,PC,NA-West,1.224,0
P02606,2026-03-19,PC,NA-West,0.718,0
P02607,2026-01-02,Xbox,EU,0.626,0
P02608,2026-01-14,Xbox,NA-West,0.351,0
P02609,2026-02-12,Xbox,EU,0.707,0
P02610,2026-03-09,Xbox,NA-West,1.482,0
P02611,2026-01-06,Xbox,EU,0.464,0
P02612,2026-02-28,PS5,NA-East,1.303,0
P02613,2026-02-23,Xbox,NA-West,1.7,0
P02614,2026-03-17,Xbox,NA-East,1.047,0
P02615,2026-03-27,PS5,NA-East,1.221,0
P02616,2026-01-06,PC,LATAM,1.115,1
P02617,2026-01-07,PS5,LATAM,1.609,1
P02618,2026-03-23,Xbox,NA-East,1.142,0
P02619,2026-03-16,PS5,NA-East,1.117,0
P02620,2026-02-19,Xbox,NA-West,0.71,1
P02621,2026-02-24,PS5,NA-East,1.443,1
P02622,2026-02-03,PS5,LATAM,1.142,1
P02623,2026-02-24,PC,EU,1.06,0
P02624,2026-03-11,PC,NA-West,0.821,0
P02625,2026-01-01,PS5,NA-West,1.124,1
P02626,2026-02-27,Xbox,LATAM,0.784,0
P02627,2026-03-03,PC,EU,0.861,0
P02628,2026-02-15,Xbox,EU,1.283,0
P02629,2026-03-21,PC,NA-East,1.208,0
P02630,2026-02-13,Xbox,NA-West,1.343,0
P02631,2026-03-22,PS5,LATAM,0.81,1
P02632,2026-03-07,PC,NA-West,1.057,0
P02633,2026-03-03,PC,NA-West,1.085,0
P02634,2026-03-05,PS5,EU,0.638,0
P02635,2026-01-06,Xbox,EU,1.22,1
P02636,2026-03-27,PS5,NA-East,1.463,0
P02637,2026-03-01,Xbox,NA-East,1.579,0
P02638,2026-03-02,Xbox,EU,0.2,1
P02639,2026-01-05,PC,EU,1.112,0
P02640,2026-02-24,PC,EU,0.813,0
P02641,2026-01-18,PC,EU,0.785,0
P02642,2026-02-22,PS5,NA-East,1.945,0
P02643,2026-02-08,PS5,EU,0.933,0
P02644,2026-01-12,Xbox,NA-East,1.553,0
P02645,2026-01-13,PS5,NA-East,1.591,0
P02646,2026-01-28,PC,EU,0.877,0
P02647,2026-03-12,PC,EU,1.024,0
P02648,2026-03-26,PC,EU,0.781,0
P02649,2026-02-23,Xbox,NA-East,1.263,1
P02650,2026-01-13,PC,LATAM,1.443,1
P02651,2026-02-16,PC,NA-West,0.862,1
P02652,2026-01-22,Xbox,NA-East,1.31,0
P02653,2026-01-03,PC,NA-West,0.444,0
P02654,2026-03-29,PC,EU,0.2,0
P02655,2026-01-25,PS5,NA-West,0.742,0
P02656,2026-02-19,PS5,NA-West,1.152,0
P02657,2026-03-17,PS5,NA-West,0.609,0
P02658,2026-01-16,Xbox,LATAM,0.928,1
P02659,2026-01-15,PS5,NA-West,0.811,0
P02660,2026-03-24,PC,NA-West,0.2,0
P02661,2026-01-30,Xbox,NA-East,1.578,0
P02662,2026-01-18,PC,NA-East,1.275,0
P02663,2026-01-15,PC,EU,1.028,0
P02664,2026-01-19,PC,EU,1.305,1
P02665,2026-02-22,PS5,LATAM,0.694,0
P02666,2026-03-23,PC,NA-West,1.211,0
P02667,2026-02-05,PS5,LATAM,0.754,1
P02668,2026-01-08,PC,LATAM,0.996,0
P02669,2026-02-06,PS5,NA-East,1.18,0
P02670,2026-03-09,PS5,NA-West,1.353,0
P02671,2026-03-30,PS5,EU,1.439,0
P02672,2026-01-29,PC,LATAM,0.827,0
P02673,2026-03-12,PC,EU,0.2,0
P02674,2026-03-08,Xbox,EU,0.995,0
P02675,2026-01-03,PC,NA-West,1.811,0
P02676,2026-02-02,Xbox,NA-West,1.216,0
P02677,2026-03-09,PS5,LATAM,1.883,0
P02678,2026-01-01,Xbox,EU,0.776,0
P02679,2026-02-24,Xbox,NA-West,0.995,0
P02680,2026-03-27,Xbox,EU,1.259,0
P02681,2026-03-02,PS5,NA-East,0.478,0
P02682,2026-02-15,PS5,LATAM,0.744,0
P02683,2026-03-13,Xbox,NA-West,1.139,0
P02684,2026-01-06,Xbox,NA-East,1.101,1
P02685,2026-03-12,Xbox,NA-West,0.824,0
P02686,2026-01-13,Xbox,LATAM,1.052,1
P02687,2026-02-05,PC,NA-East,0.542,0
P02688,2026-01-31,PS5,NA-West,0.882,1
P02689,2026-03-30,Xbox,NA-East,0.964,0
P02690,2026-03-04,PS5,EU,1.1,0
P02691,2026-03-06,PS5,NA-East,0.309,0
P02692,2026-02-14,Xbox,NA-West,1.537,0
P02693,2026-01-13,Xbox,EU,1.452,0
P02694,2026-01-21,PC,NA-West,1.011,0
P02695,2026-01-26,Xbox,LATAM,1.262,1
P02696,2026-01-18,Xbox,NA-West,1.552,0
P02697,2026-02-08,Xbox,NA-East,1.189,0
P02698,2026-01-21,PS5,NA-East,0.957,0
P02699,2026-03-29,PC,NA-West,1.201,0
P02700,2026-01-20,Xbox,NA-West,0.678,0
P02701,2026-03-08,Xbox,EU,0.836,0
P02702,2026-01-21,Xbox,NA-West,1.223,0
P02703,2026-02-24,PS5,EU,1.313,1
P02704,2026-03-19,PC,NA-West,1.127,1
P02705,2026-02-18,PC,NA-East,1.055,0
P02706,2026-01-17,Xbox,NA-East,1.205,0
P02707,2026-02-20,Xbox,NA-West,1.389,0
P02708,2026-01-24,PC,NA-West,0.753,0
P02709,2026-03-07,PC,NA-West,1.276,0
P02710,2026-01-11,PS5,EU,0.769,1
P02711,2026-01-18,PS5,NA-West,1.049,0
P02712,2026-01-29,PC,LATAM,0.952,0
P02713,2026-03-23,PS5,LATAM,0.452,0
P02714,2026-02-05,PC,NA-East,1.317,0
P02715,2026-03-27,Xbox,NA-East,0.747,0
P02716,2026-01-22,Xbox,NA-East,1.03,0
P02717,2026-01-25,PS5,EU,0.371,1
P02718,2026-03-22,Xbox,NA-West,0.995,0
P02719,2026-02-10,Xbox,EU,0.875,0
P02720,2026-02-03,PC,LATAM,1.237,1
P02721,2026-03-08,PC,EU,1.118,0
P02722,2026-01-06,Xbox,LATAM,0.846,0
P02723,2026-01-06,PS5,NA-West,0.979,0
P02724,2026-03-23,Xbox,EU,0.82,0
P02725,2026-02-21,PS5,NA-West,0.871,0
P02726,2026-03-07,Xbox,NA-East,1.043,0
P02727,2026-01-22,PC,NA-East,1.074,0
P02728,2026-01-07,Xbox,LATAM,0.784,0
P02729,2026-01-03,Xbox,NA-West,1.085,0
P02730,2026-01-08,PC,LATAM,0.988,0
P02731,2026-03-09,Xbox,NA-East,1.317,1
P02732,2026-02-03,Xbox,LATAM,1.489,0
P02733,2026-02-01,PC,NA-East,0.661,0
P02734,2026-02-01,Xbox,LATAM,1.073,0
P02735,2026-02-07,Xbox,EU,0.936,0
P02736,2026-01-21,Xbox,NA-West,1.714,0
P02737,2026-03-09,PS5,NA-East,0.851,0
P02738,2026-01-06,Xbox,LATAM,1.127,0
P02739,2026-02-17,PC,NA-West,1.034,0
P02740,2026-01-30,Xbox,NA-West,0.939,0
P02741,2026-01-03,PS5,LATAM,0.807,0
P02742,2026-02-07,Xbox,NA-East,0.2,0
P02743,2026-01-14,Xbox,NA-West,0.698,0
P02744,2026-02-05,PS5,NA-East,0.54,0
P02745,2026-02-13,PC,EU,1.519,0
P02746,2026-01-28,PS5,NA-West,1.152,0
P02747,2026-02-02,PC,LATAM,0.38,0
P02748,2026-01-19,Xbox,LATAM,1.052,0
P02749,2026-01-16,PC,NA-West,0.54,0
P02750,2026-03-22,PC,LATAM,0.824,0
P02751,2026-01-29,PC,NA-East,1.347,0
P02752,2026-03-20,PS5,LATAM,1.029,0
P02753,2026-03-06,Xbox,NA-East,1.383,0
P02754,2026-01-24,PC,NA-East,1.021,0
P02755,2026-02-23,Xbox,NA-East,1.14,0
P02756,2026-02-18,PS5,EU,0.75,0
P02757,2026-03-18,PS5,NA-East,1.411,0
P02758,2026-03-29,PS5,NA-West,1.076,0
P02759,2026-01-10,PC,EU,0.95,1
P02760,2026-02-07,PS5,EU,1.053,0
P02761,2026-03-17,PC,NA-West,1.763,0
P02762,2026-01-21,Xbox,NA-West,1.446,0
P02763,2026-02-27,PC,NA-East,0.95,1
P02764,2026-01-05,PS5,NA-West,0.768,0
P02765,2026-02-22,PS5,NA-East,1.096,0
P02766,2026-02-13,PS5,LATAM,1.064,0
P02767,2026-01-06,Xbox,NA-West,0.844,0
P02768,2026-01-03,PC,NA-West,1.779,0
P02769,2026-02-20,PC,LATAM,1.113,0
P02770,2026-02-28,PC,NA-East,1.746,0
P02771,2026-01-28,PC,LATAM,0.992,0
P02772,2026-01-24,Xbox,LATAM,0.845,0
P02773,2026-03-13,PC,EU,0.88,0
P02774,2026-01-06,Xbox,NA-East,1.222,0
P02775,2026-02-27,PC,LATAM,1.061,0
P02776,2026-03-12,PS5,NA-East,0.964,0
P02777,2026-03-24,PC,NA-East,0.605,0
P02778,2026-02-27,PC,EU,0.976,0
P02779,2026-03-16,PS5,NA-West,0.834,0
P02780,2026-02-27,PC,LATAM,1.462,0
P02781,2026-04-01,PS5,LATAM,0.249,0
P02782,2026-03-26,Xbox,LATAM,0.872,1
P02783,2026-03-08,PS5,LATAM,0.878,0
P02784,2026-03-14,PC,EU,1.004,1
P02785,2026-03-06,PC,NA-West,1.345,0
P02786,2026-01-14,PC,EU,1.242,0
P02787,2026-02-25,PC,LATAM,0.63,0
P02788,2026-01-03,PS5,NA-East,1.395,0
P02789,2026-02-23,PS5,NA-West,1.086,0
P02790,2026-02-09,PC,NA-West,0.2,0
P02791,2026-03-26,PC,NA-West,0.735,0
P02792,2026-03-13,PS5,NA-East,1.029,0
P02793,2026-02-22,PC,LATAM,1.133,0
P02794,2026-03-12,PS5,EU,1.206,0
P02795,2026-01-19,Xbox,LATAM,0.748,0
P02796,2026-02-14,PC,NA-East,0.887,0
P02797,2026-02-24,PC,NA-West,1.538,0
P02798,2026-02-10,PC,EU,0.2,0
P02799,2026-02-04,Xbox,EU,0.84,0
P02800,2026-02-04,PC,NA-West,0.929,0
P02801,2026-01-29,Xbox,LATAM,1.52,0
P02802,2026-02-19,PS5,NA-West,1.109,1
P02803,2026-03-27,PC,NA-East,1.168,0
P02804,2026-02-18,PS5,NA-East,0.526,0
P02805,2026-03-19,PC,LATAM,1.513,0
P02806,2026-01-23,Xbox,LATAM,1.277,0
P02807,2026-03-22,PC,EU,1.351,1
P02808,2026-03-05,PS5,NA-West,0.559,1
P02809,2026-02-27,PS5,NA-West,1.423,0
P02810,2026-02-14,Xbox,LATAM,1.622,0
P02811,2026-03-02,PC,NA-East,1.701,0
P02812,2026-02-03,Xbox,EU,1.814,1
P02813,2026-01-25,PC,NA-West,1.123,0
P02814,2026-02-10,PC,EU,0.493,0
P02815,2026-02-21,PC,LATAM,1.341,1
P02816,2026-01-22,PC,NA-East,0.938,0
P02817,2026-01-29,Xbox,EU,1.001,0
P02818,2026-03-05,PS5,NA-East,0.2,0
P02819,2026-02-27,PS5,EU,1.464,1
P02820,2026-01-07,Xbox,EU,0.968,0
P02821,2026-02-20,PC,LATAM,0.972,0
P02822,2026-01-07,PS5,NA-East,1.02,0
P02823,2026-03-10,PS5,LATAM,1.15,0
P02824,2026-01-22,PC,NA-East,1.119,0
P02825,2026-03-17,Xbox,NA-West,0.784,0
P02826,2026-02-23,Xbox,LATAM,1.208,0
P02827,2026-03-29,PS5,NA-West,0.8,0
P02828,2026-03-11,Xbox,NA-West,1.008,0
P02829,2026-02-10,Xbox,LATAM,0.733,0
P02830,2026-01-03,Xbox,LATAM,0.455,0
P02831,2026-01-16,PS5,LATAM,0.48,1
P02832,2026-02-21,PC,EU,0.369,0
P02833,2026-02-18,PC,NA-West,0.858,0
P02834,2026-02-14,PS5,EU,0.903,1
P02835,2026-02-12,PC,EU,0.63,0
P02836,2026-01-20,PC,NA-East,0.953,0
P02837,2026-01-18,PS5,NA-East,0.835,0
P02838,2026-03-10,PS5,EU,1.039,0
P02839,2026-01-03,PC,EU,1.174,0
P02840,2026-03-19,Xbox,LATAM,0.91,0
P02841,2026-03-18,PS5,NA-West,0.945,0
P02842,2026-03-19,Xbox,NA-East,0.701,0
P02843,2026-02-06,Xbox,LATAM,0.72,0
P02844,2026-01-05,PS5,NA-West,0.873,0
P02845,2026-03-11,PC,NA-West,0.716,1
P02846,2026-03-20,PC,NA-East,0.673,0
P02847,2026-03-26,Xbox,LATAM,1.403,0
P02848,2026-01-20,PS5,LATAM,1.285,0
P02849,2026-01-20,Xbox,NA-West,1.096,0
P02850,2026-01-05,Xbox,NA-East,1.109,0
P02851,2026-01-24,PS5,NA-East,0.744,0
P02852,2026-01-04,PS5,LATAM,0.636,0
P02853,2026-02-12,PC,NA-East,0.821,0
P02854,2026-03-11,PS5,EU,1.26,1
P02855,2026-03-09,PC,NA-West,0.632,0
P02856,2026-03-20,Xbox,NA-West,0.863,0
P02857,2026-03-15,PC,NA-West,1.353,0
P02858,2026-03-15,PC,EU,1.293,0
P02859,2026-03-29,PS5,LATAM,1.194,0
P02860,2026-02-13,PC,LATAM,0.294,0
P02861,2026-01-29,Xbox,EU,1.168,0
P02862,2026-03-06,PS5,EU,1.433,1
P02863,2026-03-24,PS5,EU,0.727,1
P02864,2026-02-11,PS5,EU,1.023,0
P02865,2026-01-25,Xbox,NA-East,0.83,0
P02866,2026-01-15,PC,NA-East,1.406,0
P02867,2026-04-01,PC,NA-East,0.871,0
P02868,2026-01-27,PS5,LATAM,0.881,1
P02869,2026-02-11,PC,EU,1.072,0
P02870,2026-01-28,Xbox,NA-East,1.164,0
P02871,2026-02-24,PC,EU,0.711,0
P02872,2026-01-20,PC,EU,0.836,0
P02873,2026-01-12,PS5,LATAM,1.319,0
P02874,2026-01-16,Xbox,NA-East,0.858,0
P02875,2026-01-17,PS5,NA-West,1.002,0
P02876,2026-03-07,PS5,LATAM,0.32,0
P02877,2026-01-18,PS5,LATAM,1.41,0
P02878,2026-02-11,PS5,LATAM,1.304,0
P02879,2026-02-05,PS5,EU,0.936,0
P02880,2026-03-27,Xbox,LATAM,0.908,0
P02881,2026-02-10,PS5,NA-West,1.157,0
P02882,2026-02-08,PC,LATAM,1.742,0
P02883,2026-01-04,PC,NA-East,1.448,1
P02884,2026-02-09,Xbox,NA-West,0.824,1
P02885,2026-01-31,PC,EU,1.487,0
P02886,2026-01-09,PS5,NA-East,1.08,0
P02887,2026-03-23,PC,NA-East,0.701,0
P02888,2026-02-06,PS5,LATAM,1.253,0
P02889,2026-03-04,Xbox,NA-West,1.555,1
P02890,2026-03-23,PS5,LATAM,1.135,0
P02891,2026-01-01,Xbox,NA-West,1.464,0
P02892,2026-02-06,Xbox,NA-West,1.224,0
P02893,2026-01-23,PC,NA-West,0.833,0
P02894,2026-01-09,Xbox,NA-East,1.335,0
P02895,2026-03-21,PC,NA-East,1.285,0
P02896,2026-02-23,Xbox,LATAM,0.984,0
P02897,2026-03-10,Xbox,NA-East,1.201,0
P02898,2026-01-23,PS5,LATAM,1.173,0
P02899,2026-02-16,PC,LATAM,0.746,0
P02900,2026-03-15,Xbox,NA-East,1.29,0
P02901,2026-03-27,Xbox,NA-West,0.983,0
P02902,2026-02-20,Xbox,LATAM,1.667,0
P02903,2026-03-24,Xbox,NA-West,0.876,0
P02904,2026-01-28,PC,NA-East,1.456,0
P02905,2026-01-23,Xbox,NA-West,1.489,0
P02906,2026-01-22,PS5,NA-East,1.546,0
P02907,2026-01-31,PC,EU,0.816,0
P02908,2026-03-31,Xbox,NA-West,1.602,0
P02909,2026-02-09,Xbox,LATAM,0.981,0
P02910,2026-03-05,PS5,NA-West,1.124,0
P02911,2026-03-15,Xbox,LATAM,0.652,0
P02912,2026-01-15,Xbox,LATAM,1.161,1
P02913,2026-03-15,PC,EU,1.061,0
P02914,2026-03-18,PS5,NA-East,0.58,0
P02915,2026-04-01,Xbox,NA-West,1.247,0
P02916,2026-01-04,PC,NA-West,1.223,0
P02917,2026-02-20,PC,NA-West,0.927,0
P02918,2026-01-06,Xbox,LATAM,0.957,0
P02919,2026-03-06,Xbox,NA-West,1.246,0
P02920,2026-04-01,PS5,NA-West,1.375,0
P02921,2026-03-10,PC,NA-West,0.902,1
P02922,2026-02-08,PC,EU,1.03,1
P02923,2026-01-09,PC,NA-East,0.594,1
P02924,2026-01-20,Xbox,EU,0.868,0
P02925,2026-01-12,Xbox,NA-West,0.87,1
P02926,2026-01-26,PS5,NA-East,1.39,0
P02927,2026-03-17,PC,NA-West,0.521,0
P02928,2026-03-23,PC,NA-West,1.117,1
P02929,2026-03-29,PS5,LATAM,1.789,0
P02930,2026-01-18,Xbox,NA-East,1.451,1
P02931,2026-02-18,PC,NA-East,0.849,1
P02932,2026-01-05,Xbox,LATAM,0.471,0
P02933,2026-01-26,PC,NA-East,1.518,0
P02934,2026-01-25,Xbox,NA-East,0.711,0
P02935,2026-02-28,PS5,NA-East,0.697,0
P02936,2026-02-06,PC,LATAM,1.068,0
P02937,2026-01-18,Xbox,EU,1.612,0
P02938,2026-01-20,PC,NA-West,0.721,0
P02939,2026-02-16,PS5,NA-East,1.325,0
P02940,2026-03-25,Xbox,EU,1.809,1
P02941,2026-03-30,PC,NA-West,0.436,0
P02942,2026-01-16,PS5,EU,1.143,0
P02943,2026-02-19,PC,NA-East,0.722,1
P02944,2026-01-10,PC,NA-West,1.464,0
P02945,2026-01-07,PC,LATAM,0.707,1
P02946,2026-03-05,Xbox,NA-East,0.963,0
P02947,2026-01-11,PC,LATAM,0.367,1
P02948,2026-01-17,PC,EU,1.275,0
P02949,2026-01-21,Xbox,NA-East,1.25,0
P02950,2026-04-01,PC,NA-East,1.06,1
P02951,2026-02-16,PS5,LATAM,1.299,0
P02952,2026-02-09,Xbox,EU,0.759,0
P02953,2026-02-24,PS5,LATAM,1.468,0
P02954,2026-01-18,PS5,NA-East,1.138,0
P02955,2026-03-13,Xbox,NA-East,1.164,1
P02956,2026-01-04,PS5,NA-West,1.197,0
P02957,2026-02-21,PS5,NA-West,0.863,1
P02958,2026-01-06,Xbox,EU,0.594,0
P02959,2026-01-19,PC,EU,0.411,0
P02960,2026-03-01,PS5,LATAM,1.36,1
P02961,2026-01-07,PC,NA-East,0.755,0
P02962,2026-02-06,PS5,LATAM,0.723,1
P02963,2026-02-21,PC,NA-East,1.248,0
P02964,2026-01-24,Xbox,EU,0.596,1
P02965,2026-04-01,PC,NA-West,0.758,1
P02966,2026-01-01,PC,LATAM,0.282,1
P02967,2026-02-26,PS5,LATAM,1.589,0
P02968,2026-01-11,PC,NA-West,0.923,0
P02969,2026-03-02,PS5,LATAM,1.12,0
P02970,2026-01-13,Xbox,NA-East,0.884,0
P02971,2026-01-15,Xbox,LATAM,1.443,1
P02972,2026-02-02,PS5,NA-West,1.566,0
P02973,2026-03-12,Xbox,EU,1.505,0
P02974,2026-02-10,PC,EU,1.005,1
P02975,2026-01-06,PC,EU,0.983,0
P02976,2026-03-18,PS5,LATAM,1.351,0
P02977,2026-03-24,PS5,NA-East,1.358,0
P02978,2026-02-18,PC,LATAM,0.535,0
P02979,2026-01-13,PC,LATAM,1.24,0
P02980,2026-02-04,PS5,LATAM,1.007,1
P02981,2026-03-30,Xbox,EU,1.51,0
P02982,2026-01-15,PC,NA-East,1.38,0
P02983,2026-02-03,Xbox,NA-West,1.189,1
P02984,2026-03-01,Xbox,NA-West,1.369,1
P02985,2026-02-22,Xbox,NA-East,1.193,0
P02986,2026-03-26,Xbox,NA-East,0.891,0
P02987,2026-03-29,Xbox,LATAM,0.856,0
P02988,2026-01-15,PC,EU,1.328,0
P02989,2026-03-07,PC,LATAM,1.637,0
P02990,2026-02-08,PC,LATAM,0.798,0
P02991,2026-02-15,PC,LATAM,0.433,0
P02992,2026-02-17,PC,NA-East,0.951,0
P02993,2026-02-03,PS5,LATAM,0.647,0
P02994,2026-01-24,PC,EU,1.187,0
P02995,2026-01-12,PC,LATAM,1.048,0
P02996,2026-03-17,Xbox,LATAM,0.973,0
P02997,2026-03-06,PS5,LATAM,1.33,0
P02998,2026-01-07,PC,NA-East,0.95,1
P02999,2026-01-12,PS5,LATAM,1.092,0
P03000,2026-03-12,PS5,NA-West,0.863,0
P03001,2026-02-18,PS5,LATAM,0.63,1
P03002,2026-03-23,PS5,EU,1.458,0
P03003,2026-02-18,PS5,LATAM,0.803,1
P03004,2026-02-27,PS5,NA-East,0.8,0
P03005,2026-02-13,PS5,NA-West,1.155,0
P03006,2026-02-22,PC,NA-West,0.931,1
P03007,2026-02-21,Xbox,NA-East,0.596,0
P03008,2026-01-18,PC,LATAM,1.349,0
P03009,2026-01-09,PC,NA-East,0.564,0
P03010,2026-01-28,Xbox,NA-West,1.171,0
P03011,2026-03-18,PC,LATAM,0.867,0
P03012,2026-01-28,PC,EU,0.646,0
P03013,2026-02-01,Xbox,NA-East,1.258,0
P03014,2026-03-31,PS5,EU,1.209,0
P03015,2026-02-03,PS5,NA-East,1.112,0
P03016,2026-03-31,Xbox,LATAM,0.98,0
P03017,2026-01-09,Xbox,NA-East,0.435,0
P03018,2026-01-17,Xbox,NA-East,0.855,0
P03019,2026-01-01,Xbox,NA-West,1.26,0
P03020,2026-01-11,PC,NA-West,0.661,0
P03021,2026-03-21,PS5,EU,1.14,0
P03022,2026-03-20,PC,LATAM,0.748,0
P03023,2026-03-12,PS5,EU,0.248,0
P03024,2026-01-12,PS5,NA-East,0.782,1
P03025,2026-03-20,PC,NA-East,1.313,0
P03026,2026-03-03,PS5,NA-East,1.263,0
P03027,2026-01-10,Xbox,NA-East,0.638,0
P03028,2026-03-18,PS5,NA-West,0.416,0
P03029,2026-02-01,PC,NA-East,0.534,0
P03030,2026-02-03,PS5,LATAM,0.778,1
P03031,2026-01-04,PS5,NA-West,0.578,0
P03032,2026-03-16,PS5,LATAM,1.0,0
P03033,2026-02-05,Xbox,LATAM,1.127,0
P03034,2026-02-22,PS5,NA-West,1.587,1
P03035,2026-02-09,PS5,LATAM,0.723,1
P03036,2026-01-04,PS5,EU,0.449,0
P03037,2026-01-25,PC,LATAM,1.124,0
P03038,2026-02-17,PS5,NA-West,0.982,0
P03039,2026-01-24,PS5,NA-East,1.041,0
P03040,2026-03-22,PC,NA-East,0.759,1
P03041,2026-03-28,PC,NA-West,0.386,1
P03042,2026-01-24,PS5,LATAM,1.61,0
P03043,2026-03-02,PS5,NA-East,0.93,0
P03044,2026-01-14,PC,NA-East,1.25,0
P03045,2026-03-06,Xbox,LATAM,1.106,0
P03046,2026-01-01,PC,NA-East,1.064,0
P03047,2026-03-08,PS5,NA-West,1.398,0
P03048,2026-01-11,PS5,LATAM,1.219,0
P03049,2026-01-02,PC,LATAM,1.254,0
P03050,2026-01-22,PC,NA-East,0.763,0
P03051,2026-01-07,Xbox,LATAM,1.076,0
P03052,2026-02-25,PS5,NA-East,0.736,0
P03053,2026-02-14,PS5,EU,1.491,0
P03054,2026-01-23,Xbox,NA-West,0.934,0
P03055,2026-02-02,PS5,NA-East,0.622,1
P03056,2026-02-24,PS5,LATAM,0.986,1
P03057,2026-01-19,PC,NA-East,1.463,0
P03058,2026-01-25,PS5,EU,1.313,0
P03059,2026-03-20,PS5,NA-East,1.055,0
P03060,2026-02-20,PS5,NA-West,1.023,0
P03061,2026-01-04,Xbox,LATAM,1.237,0
P03062,2026-01-10,PC,NA-East,1.262,0
P03063,2026-01-09,PC,NA-East,0.729,0
P03064,2026-03-23,PC,EU,1.119,0
P03065,2026-03-06,PC,EU,1.132,0
P03066,2026-02-09,Xbox,NA-East,1.689,0
P03067,2026-02-20,Xbox,NA-East,0.613,0
P03068,2026-02-14,PS5,EU,1.282,0
P03069,2026-02-24,Xbox,EU,1.407,0
P03070,2026-03-02,Xbox,NA-East,0.804,1
P03071,2026-03-29,Xbox,EU,0.552,0
P03072,2026-03-18,Xbox,EU,1.31,0
P03073,2026-02-19,PS5,NA-West,1.151,0
P03074,2026-03-30,PS5,LATAM,0.757,0
P03075,2026-01-18,PS5,NA-West,1.086,0
P03076,2026-01-30,Xbox,LATAM,1.148,0
P03077,2026-01-23,Xbox,NA-West,0.915,0
P03078,2026-01-21,PC,NA-West,0.744,0
P03079,2026-03-24,PS5,NA-West,0.778,0
P03080,2026-03-14,Xbox,NA-East,1.053,0
P03081,2026-03-13,PC,NA-East,1.188,0
P03082,2026-01-02,PC,NA-East,1.086,1
P03083,2026-03-08,PC,NA-East,0.718,0
P03084,2026-03-07,Xbox,LATAM,1.256,0
P03085,2026-01-16,PS5,NA-West,1.146,0
P03086,2026-01-12,PC,EU,0.812,0
P03087,2026-03-25,Xbox,NA-East,1.032,0
P03088,2026-02-05,Xbox,NA-West,0.487,1
P03089,2026-02-09,PS5,NA-East,0.2,1
P03090,2026-01-26,PS5,LATAM,0.882,0
P03091,2026-01-01,PS5,LATAM,0.559,0
P03092,2026-01-10,PC,LATAM,0.63,1
P03093,2026-03-27,PC,NA-East,0.787,0
P03094,2026-02-20,PC,NA-East,1.255,0
P03095,2026-01-29,PS5,EU,1.02,1
P03096,2026-03-20,PS5,LATAM,1.323,0
P03097,2026-03-20,PC,LATAM,1.6,0
P03098,2026-01-26,Xbox,LATAM,0.947,1
P03099,2026-03-19,PC,LATAM,0.94,0
P03100,2026-03-08,PS5,LATAM,1.362,0
P03101,2026-01-10,Xbox,LATAM,0.779,1
P03102,2026-02-28,PS5,NA-East,1.253,0
P03103,2026-01-31,PC,LATAM,1.587,0
P03104,2026-02-15,Xbox,NA-West,0.2,0
P03105,2026-02-08,PC,EU,1.44,0
P03106,2026-01-10,Xbox,EU,1.07,0
P03107,2026-01-16,Xbox,NA-East,0.625,0
P03108,2026-01-18,PC,NA-East,0.656,1
P03109,2026-03-28,PC,EU,1.147,0
P03110,2026-03-17,PS5,NA-West,0.844,1
P03111,2026-03-19,Xbox,NA-East,1.296,0
P03112,2026-04-01,PS5,EU,1.57,0
P03113,2026-01-17,Xbox,EU,1.351,0
P03114,2026-01-06,PC,NA-East,0.744,0
P03115,2026-01-19,PS5,NA-East,1.495,0
P03116,2026-01-03,Xbox,LATAM,1.103,0
P03117,2026-04-01,PC,LATAM,1.289,0
P03118,2026-01-18,PC,NA-West,0.876,0
P03119,2026-03-20,PS5,NA-East,0.736,1
P03120,2026-03-04,Xbox,NA-West,0.2,0
P03121,2026-02-03,PC,LATAM,0.947,0
P03122,2026-03-11,PS5,NA-East,1.554,0
P03123,2026-01-08,Xbox,NA-East,1.189,0
P03124,2026-03-15,PC,LATAM,0.989,0
P03125,2026-01-14,PS5,NA-West,1.508,0
P03126,2026-01-06,PS5,NA-East,0.99,0
P03127,2026-01-18,PC,LATAM,1.028,0
P03128,2026-03-29,PS5,NA-East,1.874,0
P03129,2026-03-15,PS5,EU,1.099,0
P03130,2026-03-24,PS5,LATAM,1.287,0
P03131,2026-03-15,PS5,NA-West,1.158,0
P03132,2026-02-05,PS5,NA-East,1.574,0
P03133,2026-03-07,PC,EU,1.86,0
P03134,2026-01-11,PC,NA-East,1.138,1
P03135,2026-01-06,Xbox,LATAM,1.344,1
P03136,2026-01-24,PC,EU,1.671,0
P03137,2026-03-09,PS5,NA-West,1.057,0
P03138,2026-01-08,Xbox,LATAM,0.768,1
P03139,2026-02-24,PC,EU,0.559,0
P03140,2026-03-11,PC,EU,0.56,0
P03141,2026-02-18,Xbox,EU,1.551,0
P03142,2026-01-18,PC,LATAM,0.696,0
P03143,2026-02-05,PS5,EU,0.902,0
P03144,2026-02-16,Xbox,NA-West,1.2,0
P03145,2026-01-02,PS5,EU,0.637,0
P03146,2026-03-05,PC,NA-East,0.792,0
P03147,2026-01-13,PS5,LATAM,2.0,0
P03148,2026-03-29,PS5,LATAM,1.31,0
P03149,2026-01-07,Xbox,NA-East,0.915,0
P03150,2026-03-21,PS5,NA-East,0.824,0
P03151,2026-01-01,PC,LATAM,1.406,0
P03152,2026-03-14,PC,NA-West,0.441,0
P03153,2026-03-31,PC,EU,1.124,0
P03154,2026-01-24,Xbox,EU,1.269,0
P03155,2026-03-21,PC,LATAM,0.799,1
P03156,2026-02-26,PS5,NA-East,0.808,0
P03157,2026-04-01,Xbox,NA-East,0.977,0
P03158,2026-03-27,PC,LATAM,1.001,0
P03159,2026-03-28,Xbox,NA-East,0.333,0
P03160,2026-03-16,PC,NA-East,1.207,0
P03161,2026-02-24,PS5,NA-East,1.462,1
P03162,2026-02-08,PC,EU,0.463,0
P03163,2026-03-20,PS5,EU,1.691,0
P03164,2026-02-01,PS5,NA-West,1.449,0
P03165,2026-02-19,PS5,NA-East,1.111,0
P03166,2026-02-20,Xbox,NA-East,0.245,0
P03167,2026-02-19,PC,NA-West,0.918,0
P03168,2026-03-06,Xbox,NA-West,0.943,0
P03169,2026-03-14,Xbox,EU,1.173,0
P03170,2026-01-03,PS5,NA-West,1.407,0
P03171,2026-01-02,PC,NA-East,1.099,0
P03172,2026-02-18,PS5,NA-West,0.929,0
P03173,2026-02-28,PC,NA-West,0.783,0
P03174,2026-03-15,PC,EU,0.941,0
P03175,2026-01-13,PC,NA-East,1.518,0
P03176,2026-02-23,PC,NA-East,1.057,0
P03177,2026-03-11,PS5,NA-West,0.66,1
P03178,2026-01-15,PC,NA-West,1.297,0
P03179,2026-01-01,PS5,EU,0.896,0
P03180,2026-03-14,PS5,EU,0.2,0
P03181,2026-01-24,Xbox,LATAM,1.4,0
P03182,2026-02-20,PC,LATAM,1.83,0
P03183,2026-01-23,PC,LATAM,1.213,0
P03184,2026-03-08,PS5,NA-East,1.104,0
P03185,2026-01-17,PC,EU,1.38,0
P03186,2026-01-29,PC,NA-West,0.9,0
P03187,2026-01-22,Xbox,NA-West,1.507,1
P03188,2026-03-09,PS5,NA-East,1.095,0
P03189,2026-03-14,PC,LATAM,1.138,0
P03190,2026-02-17,Xbox,EU,0.781,0
P03191,2026-03-01,Xbox,NA-East,0.855,0
P03192,2026-03-08,PS5,NA-West,1.108,0
P03193,2026-03-31,Xbox,LATAM,0.806,0
P03194,2026-01-20,PC,EU,0.538,0
P03195,2026-02-09,Xbox,NA-West,1.342,0
P03196,2026-03-03,Xbox,NA-West,1.061,0
P03197,2026-03-10,PC,NA-West,1.557,0
P03198,2026-01-20,PS5,LATAM,1.141,0
P03199,2026-03-25,Xbox,NA-East,1.045,1
P03200,2026-02-16,Xbox,NA-East,0.513,0
P03201,2026-03-22,Xbox,NA-West,0.983,0
P03202,2026-02-05,PC,NA-West,1.498,0
P03203,2026-02-26,PC,NA-East,0.318,0
P03204,2026-01-25,PC,NA-East,1.586,0
P03205,2026-01-07,PC,NA-East,0.707,0
P03206,2026-03-18,PS5,LATAM,1.079,1
P03207,2026-03-16,PC,NA-East,1.358,0
P03208,2026-03-25,PS5,NA-East,1.248,0
P03209,2026-02-18,PC,NA-West,1.067,0
P03210,2026-01-04,Xbox,EU,0.942,1
P03211,2026-02-19,PC,NA-West,0.844,0
P03212,2026-02-23,PS5,LATAM,0.589,0
P03213,2026-02-17,PS5,LATAM,1.357,0
P03214,2026-01-06,PC,NA-East,0.597,0
P03215,2026-02-20,Xbox,EU,0.92,0
P03216,2026-02-02,PS5,LATAM,0.97,0
P03217,2026-03-29,Xbox,NA-West,0.793,0
P03218,2026-02-14,PS5,NA-West,1.505,0
P03219,2026-01-17,PS5,NA-East,1.197,0
P03220,2026-01-19,Xbox,NA-West,0.978,0
P03221,2026-02-13,PS5,EU,1.415,0
P03222,2026-01-13,Xbox,NA-East,0.706,0
P03223,2026-03-05,Xbox,NA-East,1.446,0
P03224,2026-02-22,PS5,NA-East,1.156,0
P03225,2026-03-15,PC,EU,0.888,0
P03226,2026-01-18,PS5,LATAM,0.833,0
P03227,2026-01-24,PS5,NA-West,1.398,0
P03228,2026-02-03,PC,NA-West,1.812,0
P03229,2026-04-01,Xbox,LATAM,1.344,0
P03230,2026-02-17,PS5,LATAM,1.274,0
P03231,2026-03-14,PS5,LATAM,0.813,0
P03232,2026-02-04,Xbox,EU,0.852,0
P03233,2026-02-16,Xbox,LATAM,1.367,0
P03234,2026-02-04,Xbox,LATAM,0.366,0
P03235,2026-01-09,PC,NA-East,0.31,1
P03236,2026-02-06,PC,EU,0.703,0
P03237,2026-03-21,PC,EU,1.26,0
P03238,2026-02-21,PS5,LATAM,0.745,0
P03239,2026-02-27,PC,NA-East,1.285,1
P03240,2026-02-05,Xbox,NA-East,1.219,1
P03241,2026-02-19,PC,EU,1.461,0
P03242,2026-03-16,PC,LATAM,1.209,0
P03243,2026-02-08,PC,NA-East,1.122,0
P03244,2026-02-22,PC,NA-East,1.112,0
P03245,2026-03-29,Xbox,NA-East,1.071,0
P03246,2026-03-09,PC,NA-East,1.343,0
P03247,2026-03-12,Xbox,EU,0.264,0
P03248,2026-01-27,PS5,NA-West,0.398,1
P03249,2026-03-06,Xbox,LATAM,1.08,0
P03250,2026-03-05,Xbox,NA-East,1.312,0
P03251,2026-02-22,PC,NA-West,1.206,0
P03252,2026-03-01,PS5,EU,0.561,0
P03253,2026-01-25,PC,NA-East,0.833,0
P03254,2026-03-22,PS5,NA-East,0.802,0
P03255,2026-02-17,PC,NA-East,0.807,1
P03256,2026-01-20,Xbox,NA-West,0.473,1
P03257,2026-01-24,PC,NA-East,0.781,0
P03258,2026-03-19,Xbox,NA-East,0.711,0
P03259,2026-01-28,Xbox,NA-East,1.035,0
P03260,2026-01-22,PC,LATAM,1.195,0
P03261,2026-02-14,PS5,NA-West,0.893,0
P03262,2026-01-04,Xbox,LATAM,0.819,0
P03263,2026-02-14,Xbox,EU,1.235,0
P03264,2026-03-26,PC,NA-West,0.686,0
P03265,2026-03-30,Xbox,NA-West,1.049,0
P03266,2026-03-19,PS5,LATAM,0.985,0
P03267,2026-01-29,PC,LATAM,1.05,0
P03268,2026-03-06,PS5,NA-East,0.945,0
P03269,2026-03-12,PC,LATAM,1.106,0
P03270,2026-01-16,PC,LATAM,1.058,0
P03271,2026-01-02,PC,EU,0.796,0
P03272,2026-03-12,Xbox,NA-West,1.156,0
P03273,2026-03-05,PS5,EU,0.662,0
P03274,2026-02-03,PS5,LATAM,1.073,0
P03275,2026-01-17,PC,NA-West,1.598,1
P03276,2026-01-21,Xbox,NA-East,1.365,0
P03277,2026-02-07,Xbox,NA-West,0.995,0
P03278,2026-03-27,PC,NA-West,1.494,0
P03279,2026-02-15,Xbox,EU,0.718,1
P03280,2026-03-25,Xbox,LATAM,1.331,0
P03281,2026-02-01,Xbox,NA-East,1.462,0
P03282,2026-03-29,PC,NA-East,1.075,0
P03283,2026-02-10,PS5,NA-East,1.059,0
P03284,2026-02-11,PC,NA-West,1.436,0
P03285,2026-01-23,PS5,LATAM,0.902,0
P03286,2026-03-02,PS5,EU,0.809,0
P03287,2026-01-06,PC,NA-West,0.828,0
P03288,2026-03-26,Xbox,EU,1.136,1
P03289,2026-03-14,PS5,LATAM,1.054,0
P03290,2026-03-14,Xbox,LATAM,1.14,0
P03291,2026-01-28,PS5,EU,0.678,0
P03292,2026-01-08,PC,NA-East,0.989,0
P03293,2026-02-25,PC,LATAM,1.513,1
P03294,2026-03-26,PC,NA-West,1.254,0
P03295,2026-02-25,PS5,LATAM,1.404,0
P03296,2026-03-14,PC,NA-West,1.381,0
P03297,2026-03-03,PC,NA-West,1.073,1
P03298,2026-02-19,PS5,LATAM,0.962,0
P03299,2026-02-23,PC,EU,0.598,1
P03300,2026-03-19,PS5,EU,1.503,1
P03301,2026-03-07,Xbox,EU,0.711,0
P03302,2026-01-16,Xbox,NA-East,1.126,0
P03303,2026-01-04,PS5,EU,1.062,0
P03304,2026-03-14,PS5,LATAM,0.6,0
P03305,2026-01-07,Xbox,LATAM,1.366,0
P03306,2026-02-09,PS5,LATAM,0.43,0
P03307,2026-02-27,PC,LATAM,0.339,0
P03308,2026-02-19,PC,EU,1.285,0
P03309,2026-01-05,PS5,NA-West,1.259,0
P03310,2026-01-05,PS5,LATAM,0.707,0
P03311,2026-03-01,Xbox,EU,0.842,1
P03312,2026-03-31,PC,EU,0.775,0
P03313,2026-01-02,PC,NA-West,1.14,0
P03314,2026-03-28,PC,EU,1.08,0
P03315,2026-03-09,Xbox,EU,0.675,0
P03316,2026-02-14,PS5,NA-West,1.32,0
P03317,2026-02-12,PS5,NA-West,1.017,0
P03318,2026-02-02,PS5,NA-East,1.137,0
P03319,2026-03-19,PC,EU,0.504,0
P03320,2026-02-27,PS5,LATAM,0.9,1
P03321,2026-03-09,Xbox,NA-West,1.038,0
P03322,2026-01-07,PC,LATAM,0.656,0
P03323,2026-01-28,Xbox,EU,1.519,1
P03324,2026-01-21,Xbox,LATAM,1.035,1
P03325,2026-03-30,PC,LATAM,1.322,1
P03326,2026-03-08,Xbox,LATAM,0.834,0
P03327,2026-03-02,PC,NA-East,1.058,0
P03328,2026-01-06,PS5,LATAM,0.855,0
P03329,2026-01-19,PC,NA-East,0.959,0
P03330,2026-02-15,PC,LATAM,1.477,1
P03331,2026-02-20,Xbox,LATAM,1.283,0
P03332,2026-03-16,PS5,NA-East,0.725,0
P03333,2026-02-25,Xbox,NA-West,1.14,0
P03334,2026-02-03,PC,EU,0.878,0
P03335,2026-02-20,PC,EU,0.888,1
P03336,2026-01-27,PS5,NA-West,0.936,0
P03337,2026-01-18,PS5,LATAM,1.259,0
P03338,2026-02-03,PC,EU,0.574,1
P03339,2026-02-27,Xbox,LATAM,0.919,0
P03340,2026-03-11,Xbox,EU,1.044,0
P03341,2026-01-19,Xbox,NA-East,0.742,0
P03342,2026-03-25,PS5,LATAM,1.436,0
P03343,2026-01-09,PC,EU,0.779,0
P03344,2026-02-10,PS5,NA-East,1.235,1
P03345,2026-03-13,PS5,EU,0.781,0
P03346,2026-02-13,PC,NA-West,0.926,0
P03347,2026-03-08,PC,NA-East,1.489,1
P03348,2026-01-18,PC,NA-West,0.779,1
P03349,2026-01-02,PS5,LATAM,1.031,0
P03350,2026-01-09,PS5,LATAM,0.982,0
P03351,2026-01-02,PS5,EU,0.659,0
P03352,2026-02-10,PC,EU,1.003,0
P03353,2026-01-27,PC,NA-West,1.783,0
P03354,2026-03-13,PC,NA-West,1.079,0
P03355,2026-02-04,PC,NA-East,0.822,0
P03356,2026-02-07,Xbox,NA-East,0.2,1
P03357,2026-01-21,PC,EU,1.497,1
P03358,2026-02-17,Xbox,LATAM,1.599,0
P03359,2026-02-03,Xbox,NA-East,0.765,0
P03360,2026-03-02,PS5,EU,0.664,0
P03361,2026-03-21,PC,EU,1.108,0
P03362,2026-02-16,PS5,NA-West,0.84,0
P03363,2026-03-02,PC,NA-West,0.78,0
P03364,2026-03-18,Xbox,EU,1.847,0
P03365,2026-03-10,Xbox,NA-West,0.947,0
P03366,2026-03-04,Xbox,NA-East,1.001,0
P03367,2026-01-13,PC,NA-East,1.102,0
P03368,2026-03-07,Xbox,LATAM,1.522,0
P03369,2026-03-20,PC,LATAM,1.741,0
P03370,2026-03-04,Xbox,NA-West,0.976,0
P03371,2026-02-15,Xbox,EU,1.743,0
P03372,2026-01-23,PC,LATAM,0.535,0
P03373,2026-01-23,PS5,EU,1.256,1
P03374,2026-03-13,PS5,EU,0.799,1
P03375,2026-01-15,PS5,EU,0.758,0
P03376,2026-03-24,PC,NA-East,0.348,0
P03377,2026-01-26,PS5,LATAM,1.085,0
P03378,2026-01-03,PS5,EU,0.774,1
P03379,2026-03-01,PS5,LATAM,1.209,0
P03380,2026-03-29,PS5,NA-West,0.718,0
P03381,2026-02-27,PC,LATAM,0.511,0
P03382,2026-03-26,Xbox,EU,1.216,1
P03383,2026-02-04,PS5,EU,1.313,0
P03384,2026-01-21,PC,LATAM,1.386,0
P03385,2026-02-21,Xbox,NA-West,0.915,1
P03386,2026-02-17,PC,EU,0.28,0
P03387,2026-02-11,PS5,NA-West,1.774,0
P03388,2026-03-17,Xbox,LATAM,0.757,1
P03389,2026-02-01,PC,LATAM,0.456,1
P03390,2026-03-21,PC,NA-East,0.912,0
P03391,2026-01-10,Xbox,NA-East,0.862,0
P03392,2026-03-12,Xbox,NA-East,0.877,1
P03393,2026-03-10,PS5,NA-West,1.006,0
P03394,2026-01-21,PC,NA-West,1.462,1
P03395,2026-01-23,PS5,NA-East,1.068,0
P03396,2026-03-10,PS5,LATAM,1.213,0
P03397,2026-02-08,Xbox,NA-East,1.129,0
P03398,2026-02-03,PS5,EU,0.886,0
P03399,2026-03-28,PC,LATAM,1.623,0
P03400,2026-03-09,Xbox,EU,0.344,0
P03401,2026-02-19,PS5,EU,0.815,0
P03402,2026-01-16,PC,EU,0.537,0
P03403,2026-01-15,PS5,NA-West,0.574,0
P03404,2026-01-25,PC,NA-East,1.122,1
P03405,2026-03-20,PC,EU,0.995,0
P03406,2026-03-07,Xbox,NA-East,1.393,0
P03407,2026-03-20,PS5,EU,0.383,0
P03408,2026-03-09,Xbox,NA-West,1.17,1
P03409,2026-03-12,PS5,LATAM,1.244,0
P03410,2026-03-30,PC,NA-East,0.983,0
P03411,2026-01-26,PC,LATAM,0.995,0
P03412,2026-01-13,PS5,NA-West,1.495,0
P03413,2026-03-09,PC,EU,1.356,0
P03414,2026-01-21,Xbox,NA-West,1.599,0
P03415,2026-03-14,PS5,LATAM,1.014,0
P03416,2026-02-25,PS5,NA-West,1.199,0
P03417,2026-01-23,PC,LATAM,1.613,0
P03418,2026-01-27,Xbox,NA-East,1.089,0
P03419,2026-03-23,Xbox,LATAM,1.373,1
P03420,2026-02-28,PS5,NA-East,1.295,1
P03421,2026-01-10,PC,NA-West,1.191,0
P03422,2026-03-19,Xbox,NA-West,1.301,1
P03423,2026-01-24,PC,LATAM,0.54,0
P03424,2026-03-31,PS5,LATAM,1.858,0
P03425,2026-03-25,Xbox,EU,1.566,0
P03426,2026-01-22,Xbox,NA-East,1.749,0
P03427,2026-02-04,PC,LATAM,1.002,0
P03428,2026-02-22,Xbox,NA-East,1.582,1
P03429,2026-03-17,Xbox,NA-West,0.401,0
P03430,2026-02-08,Xbox,NA-East,0.759,0
P03431,2026-01-20,Xbox,LATAM,0.898,0
P03432,2026-01-22,PC,NA-West,0.75,0
P03433,2026-01-27,Xbox,NA-West,0.851,1
P03434,2026-01-29,Xbox,NA-East,0.582,0
P03435,2026-02-08,Xbox,NA-East,1.349,0
P03436,2026-03-22,PS5,LATAM,0.412,0
P03437,2026-02-08,Xbox,LATAM,1.347,0
P03438,2026-03-13,PS5,EU,1.611,0
P03439,2026-03-05,Xbox,EU,0.99,0
P03440,2026-01-10,Xbox,EU,1.22,0
P03441,2026-03-01,Xbox,EU,1.031,1
P03442,2026-03-16,PS5,EU,0.579,0
P03443,2026-03-10,PC,NA-West,1.285,0
P03444,2026-03-07,PS5,NA-West,1.247,0
P03445,2026-01-05,PS5,NA-East,1.099,0
P03446,2026-02-07,PC,NA-West,0.287,0
P03447,2026-02-02,PC,NA-East,0.896,0
P03448,2026-03-11,Xbox,NA-East,0.796,0
P03449,2026-02-09,PC,LATAM,0.782,0
P03450,2026-01-14,PC,NA-East,0.657,0
P03451,2026-02-27,PC,NA-East,1.185,0
P03452,2026-03-28,Xbox,LATAM,0.804,1
P03453,2026-03-18,PS5,LATAM,0.854,0
P03454,2026-03-13,PS5,EU,0.969,0
P03455,2026-03-14,Xbox,NA-East,1.561,0
P03456,2026-03-09,Xbox,NA-East,0.643,1
P03457,2026-03-22,Xbox,NA-East,1.0,0
P03458,2026-02-04,PS5,NA-West,1.26,0
P03459,2026-01-06,PS5,LATAM,0.78,0
P03460,2026-02-21,PS5,NA-East,1.141,0
P03461,2026-01-17,Xbox,LATAM,1.57,0
P03462,2026-01-18,PC,NA-West,0.853,0
P03463,2026-01-24,PC,NA-West,1.031,0
P03464,2026-03-24,PC,EU,0.798,0
P03465,2026-03-03,PS5,EU,1.242,0
P03466,2026-01-29,PC,NA-West,0.749,0
P03467,2026-02-10,PC,EU,1.659,0
P03468,2026-02-14,Xbox,NA-East,1.042,1
P03469,2026-02-01,PC,NA-East,0.596,0
P03470,2026-03-02,PC,LATAM,1.05,1
P03471,2026-02-24,Xbox,NA-West,1.061,0
P03472,2026-03-13,Xbox,EU,0.774,1
P03473,2026-03-16,PS5,NA-West,0.895,0
P03474,2026-02-10,Xbox,EU,1.139,0
P03475,2026-03-20,PS5,NA-East,1.112,0
P03476,2026-03-23,PC,EU,1.288,0
P03477,2026-02-09,PS5,NA-West,0.969,0
P03478,2026-01-19,Xbox,EU,0.79,1
P03479,2026-03-01,Xbox,LATAM,1.338,1
P03480,2026-02-07,PC,EU,1.273,0
P03481,2026-03-07,PC,NA-West,0.758,0
P03482,2026-01-09,Xbox,NA-West,0.902,0
P03483,2026-01-05,PC,NA-East,0.586,0
P03484,2026-01-23,PC,EU,0.606,0
P03485,2026-02-25,PS5,NA-West,1.214,1
P03486,2026-03-30,Xbox,NA-West,0.893,0
P03487,2026-01-29,Xbox,NA-East,0.37,1
P03488,2026-03-14,Xbox,LATAM,1.215,0
P03489,2026-02-05,Xbox,LATAM,1.279,0
P03490,2026-02-18,PS5,NA-East,1.429,0
P03491,2026-01-29,Xbox,EU,1.088,0
P03492,2026-03-22,PS5,NA-East,1.074,0
P03493,2026-03-15,PC,NA-East,0.927,1
P03494,2026-03-18,Xbox,NA-East,0.623,0
P03495,2026-01-30,PS5,NA-West,1.264,0
P03496,2026-01-11,Xbox,EU,0.652,0
P03497,2026-01-22,Xbox,EU,0.796,0
P03498,2026-03-27,PS5,LATAM,0.71,0
P03499,2026-02-17,PS5,EU,1.329,0
P03500,2026-01-17,Xbox,NA-East,1.543,0
P03501,2026-01-10,Xbox,NA-East,0.568,0
P03502,2026-02-08,Xbox,LATAM,0.778,0
P03503,2026-03-01,Xbox,EU,1.311,0
P03504,2026-02-03,PS5,NA-West,1.57,0
P03505,2026-01-21,Xbox,NA-East,0.655,1
P03506,2026-01-28,Xbox,EU,0.845,0
P03507,2026-03-10,PC,LATAM,1.109,0
P03508,2026-01-11,Xbox,NA-East,0.878,0
P03509,2026-01-03,Xbox,NA-West,0.963,0
P03510,2026-02-26,PS5,NA-West,0.894,0
P03511,2026-02-24,PC,EU,1.413,0
P03512,2026-03-26,PC,LATAM,0.84,0
P03513,2026-01-02,PC,NA-West,1.061,0
P03514,2026-01-03,Xbox,NA-West,0.996,0
P03515,2026-01-11,Xbox,NA-West,1.881,0
P03516,2026-03-02,PS5,EU,0.822,1
P03517,2026-02-24,Xbox,EU,1.118,0
P03518,2026-01-13,PC,EU,1.343,0
P03519,2026-01-18,PC,LATAM,0.831,1
P03520,2026-02-13,Xbox,LATAM,1.568,0
P03521,2026-02-21,PC,EU,1.24,0
P03522,2026-03-18,PS5,NA-West,0.787,0
P03523,2026-01-08,Xbox,EU,0.861,0
P03524,2026-02-25,PS5,LATAM,1.418,0
P03525,2026-01-12,PS5,NA-West,0.594,0
P03526,2026-03-14,PC,NA-East,1.127,0
P03527,2026-02-01,PC,NA-West,0.588,0
P03528,2026-01-31,PC,NA-West,0.782,0
P03529,2026-02-23,PS5,NA-East,1.507,0
P03530,2026-02-01,PS5,EU,0.882,1
P03531,2026-04-01,PC,LATAM,0.943,0
P03532,2026-02-11,Xbox,EU,0.843,0
P03533,2026-02-03,PC,NA-East,1.326,1
P03534,2026-03-13,PC,NA-East,0.819,0
P03535,2026-03-04,Xbox,NA-East,0.679,0
P03536,2026-02-03,Xbox,NA-West,0.828,0
P03537,2026-01-28,Xbox,NA-East,1.41,0
P03538,2026-02-21,Xbox,NA-East,0.963,0
P03539,2026-01-23,PS5,LATAM,0.406,0
P03540,2026-02-10,Xbox,NA-West,1.009,0
P03541,2026-02-12,PC,LATAM,0.281,0
P03542,2026-02-04,PS5,NA-East,1.055,0
P03543,2026-02-19,Xbox,NA-East,1.345,0
P03544,2026-01-27,PC,LATAM,0.502,0
P03545,2026-03-02,Xbox,NA-West,0.456,0
P03546,2026-01-28,PS5,NA-East,0.511,0
P03547,2026-01-13,PC,NA-East,1.005,0
P03548,2026-02-14,PS5,NA-East,1.229,1
P03549,2026-01-17,PC,NA-East,0.743,0
P03550,2026-01-09,PC,NA-East,0.88,0
P03551,2026-03-25,PC,EU,0.759,0
P03552,2026-01-09,PS5,EU,1.544,1
P03553,2026-01-28,PC,NA-East,1.181,1
P03554,2026-03-03,Xbox,NA-West,0.934,0
P03555,2026-02-05,Xbox,LATAM,0.623,0
P03556,2026-02-19,Xbox,LATAM,1.697,0
P03557,2026-01-23,PS5,NA-West,0.241,1
P03558,2026-01-02,Xbox,NA-West,0.931,1
P03559,2026-01-13,PC,NA-East,1.512,1
P03560,2026-02-18,PS5,NA-West,0.842,1
P03561,2026-01-02,Xbox,NA-West,1.209,1
P03562,2026-01-20,PS5,NA-West,1.016,0
P03563,2026-02-23,PS5,NA-West,0.976,0
P03564,2026-03-11,PS5,LATAM,0.957,0
P03565,2026-01-04,PC,EU,1.38,0
P03566,2026-03-14,PS5,NA-West,1.078,0
P03567,2026-01-12,Xbox,LATAM,1.226,1
P03568,2026-01-12,PS5,NA-East,1.338,0
P03569,2026-03-02,PS5,NA-West,1.382,0
P03570,2026-01-04,Xbox,EU,1.09,0
P03571,2026-01-15,PC,NA-East,1.17,0
P03572,2026-01-01,PS5,NA-East,0.713,0
P03573,2026-01-19,PS5,NA-West,1.268,0
P03574,2026-01-19,PC,EU,1.294,1
P03575,2026-03-17,Xbox,NA-East,0.982,0
P03576,2026-02-09,PS5,NA-West,0.981,0
P03577,2026-01-03,Xbox,EU,1.058,0
P03578,2026-01-29,PC,LATAM,1.349,0
P03579,2026-02-08,Xbox,NA-West,0.986,0
P03580,2026-02-14,Xbox,EU,1.154,0
P03581,2026-01-05,Xbox,NA-East,1.113,0
P03582,2026-03-10,PC,LATAM,0.414,0
P03583,2026-02-21,Xbox,LATAM,1.545,0
P03584,2026-03-13,Xbox,LATAM,0.353,1
P03585,2026-03-01,PC,EU,0.912,0
P03586,2026-02-03,PS5,NA-East,1.576,0
P03587,2026-01-15,Xbox,NA-West,0.634,0
P03588,2026-02-08,Xbox,NA-West,1.343,0
P03589,2026-03-22,PS5,NA-West,1.161,0
P03590,2026-02-04,PC,NA-West,0.723,1
P03591,2026-03-15,PS5,LATAM,1.351,0
P03592,2026-01-02,PC,LATAM,1.604,1
P03593,2026-01-19,PS5,NA-East,1.22,0
P03594,2026-01-28,Xbox,LATAM,1.071,0
P03595,2026-02-07,PS5,NA-West,0.956,0
P03596,2026-03-20,Xbox,NA-East,1.422,1
P03597,2026-01-16,Xbox,NA-East,0.979,0
P03598,2026-03-22,Xbox,LATAM,1.148,1
P03599,2026-02-28,Xbox,LATAM,0.977,0
P03600,2026-03-21,Xbox,EU,1.045,0
P03601,2026-01-11,Xbox,LATAM,1.658,0
P03602,2026-02-03,PC,EU,0.923,0
P03603,2026-02-01,Xbox,NA-West,0.325,0
P03604,2026-01-11,PC,EU,1.385,0
P03605,2026-03-19,PS5,EU,0.684,0
P03606,2026-03-15,PC,NA-West,1.293,0
P03607,2026-03-27,PS5,NA-West,1.331,0
P03608,2026-02-22,Xbox,EU,1.303,0
P03609,2026-04-01,PS5,NA-West,0.948,0
P03610,2026-01-13,Xbox,NA-East,1.178,0
P03611,2026-04-01,Xbox,NA-West,1.096,0
P03612,2026-03-25,PS5,NA-East,1.065,1
P03613,2026-02-20,Xbox,NA-East,1.273,0
P03614,2026-03-30,PC,EU,0.914,0
P03615,2026-01-25,PC,EU,0.825,0
P03616,2026-01-03,Xbox,NA-East,1.149,0
P03617,2026-03-13,PS5,NA-East,1.422,0
P03618,2026-03-29,PC,EU,0.884,0
P03619,2026-01-03,PS5,NA-East,0.839,0
P03620,2026-01-08,PC,EU,0.79,0
P03621,2026-01-04,PC,NA-West,1.173,0
P03622,2026-01-04,PC,NA-West,1.608,0
P03623,2026-01-17,Xbox,LATAM,0.2,0
P03624,2026-01-12,PS5,EU,1.361,1
P03625,2026-02-24,Xbox,EU,0.715,0
P03626,2026-01-06,PC,NA-West,1.294,0
P03627,2026-02-23,PS5,LATAM,1.682,0
P03628,2026-01-04,PC,NA-East,1.118,0
P03629,2026-03-22,PS5,LATAM,1.897,0
P03630,2026-02-03,PS5,NA-East,1.042,0
P03631,2026-02-22,PS5,NA-East,0.796,0
P03632,2026-01-17,PC,LATAM,1.239,0
P03633,2026-01-01,Xbox,LATAM,0.323,0
P03634,2026-03-31,PC,EU,1.179,0
P03635,2026-03-21,PS5,LATAM,1.527,0
P03636,2026-02-04,PS5,NA-East,1.073,0
P03637,2026-03-16,PC,NA-East,1.222,0
P03638,2026-01-14,Xbox,LATAM,1.103,0
P03639,2026-01-19,PS5,NA-West,1.214,0
P03640,2026-02-09,PS5,NA-West,0.892,0
P03641,2026-01-20,PS5,EU,1.529,0
P03642,2026-02-15,PC,NA-East,1.139,0
P03643,2026-03-26,Xbox,NA-East,0.772,0
P03644,2026-01-13,PC,NA-East,0.769,0
P03645,2026-03-01,PS5,NA-West,1.004,1
P03646,2026-02-13,Xbox,NA-West,0.727,0
P03647,2026-03-09,PS5,NA-East,0.537,0
P03648,2026-02-21,PS5,NA-East,0.963,0
P03649,2026-01-06,PS5,EU,1.086,1
P03650,2026-02-05,PC,NA-East,1.49,1
P03651,2026-02-21,Xbox,LATAM,1.457,1
P03652,2026-01-31,Xbox,LATAM,0.839,1
P03653,2026-01-08,Xbox,NA-West,1.037,1
P03654,2026-02-27,Xbox,NA-East,0.555,0
P03655,2026-02-05,PS5,LATAM,1.056,0
P03656,2026-01-31,Xbox,NA-East,1.419,0
P03657,2026-03-01,PC,NA-East,1.033,0
P03658,2026-02-19,PS5,NA-East,1.152,0
P03659,2026-02-03,Xbox,LATAM,1.412,0
P03660,2026-02-12,Xbox,NA-East,1.53,0
P03661,2026-02-26,PC,NA-East,0.829,1
P03662,2026-01-22,PS5,NA-East,0.509,0
P03663,2026-03-01,PC,LATAM,0.903,0
P03664,2026-02-23,Xbox,NA-East,1.065,0
P03665,2026-03-02,PC,LATAM,1.201,0
P03666,2026-03-04,PS5,EU,1.068,0
P03667,2026-01-06,PC,NA-East,0.655,1
P03668,2026-02-06,Xbox,EU,0.499,0
P03669,2026-03-01,PC,NA-West,1.277,0
P03670,2026-03-27,PC,NA-West,1.155,0
P03671,2026-01-24,PS5,NA-East,1.342,0
P03672,2026-02-19,Xbox,EU,0.525,0
P03673,2026-02-03,PS5,LATAM,0.682,0
P03674,2026-02-15,PC,NA-West,1.445,0
P03675,2026-02-16,PC,NA-East,0.729,0
P03676,2026-01-15,PC,LATAM,1.393,0
P03677,2026-03-03,PS5,NA-East,1.22,0
P03678,2026-03-25,PC,EU,0.732,0
P03679,2026-03-31,Xbox,NA-West,0.998,0
P03680,2026-02-06,PC,NA-West,0.719,1
P03681,2026-02-08,Xbox,NA-East,1.49,0
P03682,2026-02-10,PC,EU,1.068,0
P03683,2026-02-18,Xbox,LATAM,0.67,0
P03684,2026-02-21,Xbox,EU,0.939,0
P03685,2026-03-12,PC,NA-East,1.023,0
P03686,2026-02-05,PC,LATAM,1.311,0
P03687,2026-03-16,PC,EU,1.16,0
P03688,2026-03-12,PC,NA-West,0.7,0
P03689,2026-01-10,PS5,NA-East,1.634,0
P03690,2026-03-17,Xbox,NA-East,0.687,0
P03691,2026-02-03,Xbox,NA-East,1.387,0
P03692,2026-03-18,PS5,NA-East,0.756,1
P03693,2026-02-07,PS5,EU,0.474,0
P03694,2026-03-01,PC,LATAM,0.906,1
P03695,2026-02-28,PS5,NA-East,1.189,1
P03696,2026-02-03,Xbox,NA-West,1.012,0
P03697,2026-01-08,PS5,NA-West,1.084,0
P03698,2026-01-24,PC,EU,1.225,0
P03699,2026-02-11,PS5,NA-East,0.856,0
P03700,2026-01-23,PS5,LATAM,0.703,0
P03701,2026-02-27,PS5,NA-East,1.165,0
P03702,2026-02-24,Xbox,LATAM,1.0,0
P03703,2026-01-19,Xbox,NA-West,0.87,0
P03704,2026-01-27,PS5,LATAM,0.866,0
P03705,2026-01-18,Xbox,LATAM,0.886,0
P03706,2026-03-02,Xbox,NA-East,0.721,0
P03707,2026-03-08,PS5,NA-West,1.371,0
P03708,2026-03-30,PC,EU,0.829,1
P03709,2026-01-04,Xbox,NA-West,0.678,0
P03710,2026-03-15,PS5,LATAM,0.873,0
P03711,2026-02-02,Xbox,EU,1.05,0
P03712,2026-01-08,PS5,LATAM,0.966,0
P03713,2026-02-14,PC,NA-East,0.989,1
P03714,2026-03-09,PS5,NA-West,0.959,0
P03715,2026-01-17,PC,NA-West,0.771,1
P03716,2026-03-24,PC,LATAM,1.098,0
P03717,2026-03-25,PC,LATAM,1.28,0
P03718,2026-01-22,Xbox,EU,1.274,1
P03719,2026-02-04,Xbox,NA-West,1.185,0
P03720,2026-01-23,Xbox,NA-East,1.618,0
P03721,2026-01-23,Xbox,LATAM,1.288,0
P03722,2026-03-14,PS5,NA-West,1.016,0
P03723,2026-02-04,PS5,NA-East,0.86,0
P03724,2026-02-27,PC,NA-West,0.287,0
P03725,2026-01-11,PC,EU,0.814,0
P03726,2026-01-05,PC,LATAM,0.94,0
P03727,2026-01-24,Xbox,NA-West,0.993,0
P03728,2026-02-26,PS5,LATAM,1.152,0
P03729,2026-03-13,Xbox,NA-East,1.248,0
P03730,2026-02-11,PS5,EU,0.987,1
P03731,2026-03-19,PC,LATAM,1.092,0
P03732,2026-03-05,PC,NA-East,1.295,0
P03733,2026-01-29,Xbox,LATAM,0.937,1
P03734,2026-02-25,Xbox,EU,0.925,0
P03735,2026-02-28,PS5,EU,1.29,0
P03736,2026-03-17,Xbox,EU,0.512,1
P03737,2026-01-01,PS5,NA-East,0.56,0
P03738,2026-03-05,PC,NA-West,1.585,1
P03739,2026-01-02,Xbox,NA-West,0.598,0
P03740,2026-01-22,PS5,EU,1.055,0
P03741,2026-01-31,Xbox,NA-East,0.793,0
P03742,2026-01-23,PC,NA-West,1.261,0
P03743,2026-01-01,PC,NA-East,1.253,0
P03744,2026-02-17,PS5,NA-East,1.526,0
P03745,2026-01-29,Xbox,NA-East,1.285,0
P03746,2026-02-21,Xbox,EU,0.44,0
P03747,2026-01-27,PC,NA-West,0.582,0
P03748,2026-02-07,PC,LATAM,1.206,0
P03749,2026-03-10,Xbox,NA-West,1.445,1
P03750,2026-02-04,Xbox,NA-East,1.003,0
P03751,2026-02-12,Xbox,NA-West,1.003,0
P03752,2026-01-16,PS5,NA-West,1.571,1
P03753,2026-02-28,PC,NA-East,0.878,0
P03754,2026-02-19,PS5,NA-East,1.25,0
P03755,2026-02-27,PC,NA-West,0.442,1
P03756,2026-02-27,PS5,EU,1.224,0
P03757,2026-02-21,PS5,LATAM,1.255,0
P03758,2026-03-27,PS5,EU,1.298,0
P03759,2026-01-19,PS5,NA-East,0.778,0
P03760,2026-01-30,PC,EU,1.449,0
P03761,2026-01-18,Xbox,NA-East,0.971,1
P03762,2026-03-30,PC,EU,1.039,1
P03763,2026-01-27,Xbox,NA-East,0.964,0
P03764,2026-03-27,PS5,LATAM,1.229,0
P03765,2026-03-01,Xbox,NA-West,0.824,0
P03766,2026-02-02,PC,NA-West,1.129,0
P03767,2026-02-02,Xbox,NA-East,0.636,0
P03768,2026-01-01,PS5,NA-East,0.858,0
P03769,2026-03-23,PC,NA-West,0.662,0
P03770,2026-03-17,PS5,NA-East,0.622,0
P03771,2026-03-21,PS5,EU,1.197,0
P03772,2026-02-05,Xbox,EU,1.397,0
P03773,2026-03-09,PC,EU,1.204,0
P03774,2026-04-01,PC,NA-East,1.051,0
P03775,2026-02-04,Xbox,NA-West,0.855,0
P03776,2026-01-28,PS5,EU,1.323,0
P03777,2026-03-16,PC,NA-West,0.653,0
P03778,2026-01-02,PS5,LATAM,1.014,0
P03779,2026-02-08,PC,EU,0.58,0
P03780,2026-03-24,PC,NA-West,1.681,0
P03781,2026-02-05,PC,NA-East,1.388,0
P03782,2026-03-19,PC,LATAM,0.892,0
P03783,2026-02-22,PS5,NA-East,0.781,0
P03784,2026-02-16,PS5,EU,0.797,0
P03785,2026-01-03,PC,NA-East,0.901,0
P03786,2026-02-01,Xbox,NA-West,0.839,1
P03787,2026-02-08,Xbox,NA-West,1.08,0
P03788,2026-01-01,PC,NA-West,0.876,0
P03789,2026-03-26,PS5,NA-East,1.344,0
P03790,2026-02-23,PS5,NA-West,1.057,0
P03791,2026-01-28,PS5,NA-East,0.858,0
P03792,2026-02-11,PS5,LATAM,1.029,1
P03793,2026-02-24,Xbox,NA-East,0.626,0
P03794,2026-01-26,Xbox,EU,1.039,0
P03795,2026-01-12,PC,NA-East,1.288,0
P03796,2026-02-05,Xbox,NA-West,1.233,0
P03797,2026-03-01,Xbox,EU,0.271,0
P03798,2026-02-23,PS5,NA-West,1.46,0
P03799,2026-03-19,PC,EU,0.871,0
P03800,2026-01-09,PC,LATAM,0.318,1
P03801,2026-01-12,Xbox,NA-West,1.21,0
P03802,2026-03-31,PS5,NA-West,1.297,1
P03803,2026-02-04,PS5,NA-West,1.019,0
P03804,2026-02-14,PC,LATAM,0.715,0
P03805,2026-02-27,PC,EU,0.2,0
P03806,2026-03-10,PC,LATAM,0.829,0
P03807,2026-01-06,PC,LATAM,0.924,0
P03808,2026-02-04,PC,EU,1.05,0
P03809,2026-02-13,Xbox,EU,0.787,0
P03810,2026-02-20,Xbox,NA-East,0.962,0
P03811,2026-01-05,Xbox,NA-East,0.785,0
P03812,2026-02-24,Xbox,LATAM,1.386,0
P03813,2026-02-07,Xbox,EU,1.072,1
P03814,2026-02-28,PC,LATAM,1.536,0
P03815,2026-02-14,PS5,LATAM,1.195,0
P03816,2026-02-19,PC,EU,1.011,0
P03817,2026-03-30,Xbox,NA-East,1.289,0
P03818,2026-01-20,PC,NA-East,0.239,1
P03819,2026-03-08,PS5,LATAM,0.964,1
P03820,2026-01-31,PS5,NA-East,0.618,1
P03821,2026-01-05,PS5,LATAM,1.037,0
P03822,2026-02-01,Xbox,LATAM,1.085,0
P03823,2026-01-03,PC,NA-West,1.162,0
P03824,2026-01-24,PS5,EU,0.357,0
P03825,2026-03-20,Xbox,LATAM,1.417,0
P03826,2026-03-06,PC,LATAM,1.033,0
P03827,2026-01-27,Xbox,NA-West,0.788,0
P03828,2026-03-30,PS5,LATAM,0.499,0
P03829,2026-02-10,PC,EU,1.151,0
P03830,2026-01-18,PC,EU,1.255,0
P03831,2026-03-13,PC,LATAM,0.52,0
P03832,2026-02-26,PC,NA-East,1.342,0
P03833,2026-02-21,Xbox,NA-East,1.038,0
P03834,2026-03-16,Xbox,NA-East,0.479,0
P03835,2026-03-14,PS5,NA-East,1.328,0
P03836,2026-02-23,PC,NA-West,0.732,0
P03837,2026-02-28,Xbox,LATAM,0.938,0
P03838,2026-02-09,Xbox,EU,0.835,0
P03839,2026-01-27,Xbox,NA-West,0.906,0
P03840,2026-01-12,PS5,EU,0.882,0
P03841,2026-03-23,PS5,EU,0.945,0
P03842,2026-03-20,PS5,NA-West,1.379,1
P03843,2026-02-13,PC,EU,1.159,0
P03844,2026-03-19,PS5,NA-West,0.2,0
P03845,2026-03-07,PC,NA-East,0.987,0
P03846,2026-03-30,PS5,NA-East,0.75,0
P03847,2026-03-06,Xbox,LATAM,1.024,0
P03848,2026-02-04,PS5,NA-East,0.727,0
P03849,2026-03-25,Xbox,NA-West,1.429,0
P03850,2026-03-25,PC,LATAM,0.688,0
P03851,2026-01-15,PC,LATAM,0.2,0
P03852,2026-01-06,PC,NA-East,0.897,0
P03853,2026-01-09,Xbox,NA-West,0.66,0
P03854,2026-02-23,PS5,EU,0.517,0
P03855,2026-02-11,PC,LATAM,1.001,0
P03856,2026-03-06,Xbox,NA-West,0.511,0
P03857,2026-03-01,PS5,NA-East,0.898,0
P03858,2026-03-17,PS5,NA-East,0.78,0
P03859,2026-03-02,Xbox,NA-East,0.845,0
P03860,2026-01-03,PC,NA-West,1.011,0
P03861,2026-02-23,PS5,EU,1.257,1
P03862,2026-02-11,Xbox,NA-West,1.112,0
P03863,2026-02-12,PS5,NA-East,1.529,1
P03864,2026-01-02,Xbox,NA-West,0.974,0
P03865,2026-03-26,Xbox,NA-East,1.174,0
P03866,2026-01-20,PC,NA-East,1.374,0
P03867,2026-02-04,Xbox,NA-East,0.677,0
P03868,2026-02-18,PC,EU,0.774,0
P03869,2026-02-10,Xbox,EU,1.4,1
P03870,2026-02-15,PS5,NA-East,1.103,0
P03871,2026-02-26,PS5,NA-East,1.15,0
P03872,2026-02-21,Xbox,NA-West,1.13,0
P03873,2026-03-14,Xbox,EU,0.608,0
P03874,2026-02-21,PC,NA-West,0.2,1
P03875,2026-02-18,Xbox,LATAM,0.679,0
P03876,2026-01-10,Xbox,LATAM,1.318,0
P03877,2026-03-27,PC,EU,1.156,0
P03878,2026-03-09,PS5,NA-West,0.84,1
P03879,2026-02-23,Xbox,LATAM,0.268,1
P03880,2026-02-14,Xbox,NA-West,0.272,0
P03881,2026-03-19,PC,NA-West,1.146,0
P03882,2026-03-12,PS5,LATAM,0.933,0
P03883,2026-02-27,PS5,NA-East,0.741,0
P03884,2026-02-01,Xbox,EU,0.993,0
P03885,2026-02-01,Xbox,NA-West,1.193,0
P03886,2026-03-18,PS5,NA-East,1.926,1
P03887,2026-01-09,Xbox,LATAM,0.972,0
P03888,2026-01-19,PC,EU,1.301,0
P03889,2026-03-26,PS5,NA-East,1.013,0
P03890,2026-01-16,Xbox,LATAM,1.42,0
P03891,2026-03-23,PC,LATAM,1.219,0
P03892,2026-03-27,Xbox,NA-West,0.846,0
P03893,2026-01-02,Xbox,NA-West,0.557,1
P03894,2026-01-24,PC,LATAM,1.068,0
P03895,2026-02-24,Xbox,EU,0.512,0
P03896,2026-03-21,Xbox,NA-East,0.369,0
P03897,2026-02-17,PC,NA-East,0.848,0
P03898,2026-02-16,PS5,LATAM,1.021,1
P03899,2026-03-09,PS5,NA-West,0.714,0
P03900,2026-03-25,PS5,NA-East,1.432,0
P03901,2026-02-09,PC,EU,0.823,0
P03902,2026-01-10,Xbox,EU,0.778,0
P03903,2026-01-13,PS5,NA-West,1.409,0
P03904,2026-01-10,PC,NA-West,0.2,0
P03905,2026-03-15,PC,NA-West,1.016,0
P03906,2026-03-21,Xbox,NA-East,0.983,0
P03907,2026-03-08,PC,NA-West,0.761,0
P03908,2026-01-24,PS5,EU,1.253,0
P03909,2026-02-06,PS5,LATAM,0.996,0
P03910,2026-02-26,PC,NA-West,0.999,0
P03911,2026-01-09,Xbox,LATAM,1.644,0
P03912,2026-01-10,PS5,NA-East,1.082,0
P03913,2026-03-30,PS5,NA-East,0.429,0
P03914,2026-01-31,Xbox,EU,1.205,1
P03915,2026-02-15,PC,NA-East,0.305,0
P03916,2026-02-15,Xbox,NA-East,0.679,0
P03917,2026-01-13,PS5,EU,0.713,0
P03918,2026-03-21,Xbox,NA-East,0.739,0
P03919,2026-01-07,PC,NA-East,0.607,0
P03920,2026-03-17,PC,EU,1.017,1
P03921,2026-02-09,PC,NA-West,1.209,0
P03922,2026-03-11,Xbox,NA-East,1.085,0
P03923,2026-03-17,Xbox,NA-East,0.557,1
P03924,2026-02-17,PS5,EU,1.378,0
P03925,2026-03-30,Xbox,NA-East,0.98,0
P03926,2026-02-11,PC,LATAM,1.297,1
P03927,2026-02-25,PC,NA-West,0.94,0
P03928,2026-02-23,PC,LATAM,1.08,0
P03929,2026-01-03,PC,LATAM,0.584,0
P03930,2026-03-06,PS5,NA-East,0.91,0
P03931,2026-01-06,Xbox,NA-East,1.55,0
P03932,2026-03-30,PC,NA-East,0.33,0
P03933,2026-03-29,PS5,LATAM,1.121,0
P03934,2026-02-12,Xbox,NA-East,0.568,0
P03935,2026-02-21,PC,LATAM,1.029,1
P03936,2026-02-28,PC,NA-West,1.158,0
P03937,2026-01-29,PC,LATAM,0.682,0
P03938,2026-02-04,PS5,NA-East,0.815,0
P03939,2026-03-28,Xbox,NA-West,1.468,0
P03940,2026-01-09,Xbox,EU,0.858,0
P03941,2026-03-15,PS5,LATAM,0.9,0
P03942,2026-01-17,PS5,LATAM,1.154,0
P03943,2026-02-16,Xbox,LATAM,1.007,1
P03944,2026-03-10,PS5,LATAM,0.942,1
P03945,2026-02-19,PC,LATAM,0.89,0
P03946,2026-02-20,PC,EU,0.704,1
P03947,2026-03-09,Xbox,LATAM,1.114,0
P03948,2026-01-02,PC,NA-West,0.668,0
P03949,2026-03-17,Xbox,NA-West,1.155,0
P03950,2026-01-19,PS5,EU,0.95,1
P03951,2026-01-26,PS5,LATAM,1.042,0
P03952,2026-02-16,Xbox,NA-West,1.02,0
P03953,2026-01-06,PS5,NA-East,1.529,1
P03954,2026-03-01,PS5,EU,0.626,0
P03955,2026-02-02,Xbox,NA-West,1.372,0
P03956,2026-02-06,PS5,EU,0.984,0
P03957,2026-01-29,PC,NA-East,0.82,0
P03958,2026-03-18,Xbox,NA-West,0.622,1
P03959,2026-02-06,PS5,NA-West,1.027,0
P03960,2026-03-18,PC,LATAM,1.092,0
P03961,2026-01-07,PC,NA-West,0.858,0
P03962,2026-02-22,PC,EU,1.292,0
P03963,2026-01-04,Xbox,NA-West,0.722,0
P03964,2026-02-21,PC,EU,1.231,0
P03965,2026-01-04,Xbox,NA-East,1.786,1
P03966,2026-01-30,PC,LATAM,0.787,0
P03967,2026-01-13,Xbox,LATAM,0.953,0
P03968,2026-02-17,PC,NA-West,1.185,1
P03969,2026-02-11,PC,LATAM,0.84,0
P03970,2026-02-16,PS5,LATAM,1.119,0
P03971,2026-02-10,Xbox,NA-East,0.969,0
P03972,2026-03-09,PS5,EU,0.72,0
P03973,2026-02-21,PS5,NA-East,0.676,0
P03974,2026-01-25,PS5,EU,1.406,0
P03975,2026-03-13,PC,EU,0.573,0
P03976,2026-01-07,Xbox,LATAM,1.128,0
P03977,2026-01-12,PC,NA-East,0.747,0
P03978,2026-01-21,PS5,NA-West,1.326,0
P03979,2026-01-19,PS5,NA-West,0.825,0
P03980,2026-01-18,PS5,EU,1.308,1
P03981,2026-01-24,PS5,NA-West,1.535,0
P03982,2026-02-20,PS5,LATAM,1.683,0
P03983,2026-03-17,PS5,LATAM,0.845,0
P03984,2026-03-21,Xbox,EU,1.188,0
P03985,2026-01-06,PC,NA-East,1.348,1
P03986,2026-01-01,PC,NA-West,1.445,0
P03987,2026-02-07,PS5,NA-East,1.577,0
P03988,2026-03-09,Xbox,LATAM,1.283,1
P03989,2026-02-11,PS5,EU,1.202,0
P03990,2026-02-19,PS5,LATAM,1.747,0
P03991,2026-03-19,PC,NA-East,0.831,1
P03992,2026-02-20,PC,NA-West,1.243,0
P03993,2026-02-25,PC,NA-West,1.562,0
P03994,2026-03-01,PC,LATAM,0.769,0
P03995,2026-03-06,PS5,LATAM,0.972,0
P03996,2026-03-03,PC,NA-West,1.621,0
P03997,2026-01-07,PS5,EU,1.047,1
P03998,2026-03-06,PS5,NA-East,1.054,0
P03999,2026-01-05,PS5,NA-East,0.606,0
P04000,2026-03-05,PS5,LATAM,0.933,0
P04001,2026-02-16,PS5,NA-West,0.63,0
P04002,2026-01-01,PC,NA-East,1.202,0
P04003,2026-02-01,Xbox,EU,0.939,0
P04004,2026-02-21,PS5,NA-East,1.463,0
P04005,2026-02-27,Xbox,NA-West,0.949,1
P04006,2026-01-28,Xbox,LATAM,1.538,0
P04007,2026-03-11,Xbox,NA-East,0.825,0
P04008,2026-04-01,Xbox,EU,0.907,0
P04009,2026-01-02,Xbox,NA-West,1.316,0
P04010,2026-02-23,PC,NA-West,1.059,0
P04011,2026-01-29,PS5,NA-East,1.267,0
P04012,2026-01-21,Xbox,NA-East,0.909,0
P04013,2026-01-14,PS5,NA-West,0.862,1
P04014,2026-01-01,PS5,LATAM,0.931,0
P04015,2026-01-21,Xbox,EU,1.149,0
P04016,2026-02-08,Xbox,NA-West,1.343,1
P04017,2026-03-01,PC,NA-West,0.988,0
P04018,2026-01-17,Xbox,LATAM,1.119,1
P04019,2026-03-26,PC,LATAM,0.35,0
P04020,2026-02-19,PC,EU,0.665,0
P04021,2026-02-17,Xbox,EU,0.681,0
P04022,2026-03-28,PS5,EU,0.833,0
P04023,2026-02-19,PC,NA-East,1.185,0
P04024,2026-02-26,PC,NA-East,1.199,0
P04025,2026-01-08,PC,LATAM,0.828,0
P04026,2026-01-01,PS5,LATAM,1.251,0
P04027,2026-02-22,Xbox,LATAM,1.299,0
P04028,2026-02-15,PC,EU,1.249,0
P04029,2026-02-05,Xbox,LATAM,1.115,0
P04030,2026-02-23,PS5,NA-East,1.247,0
P04031,2026-02-23,PC,NA-West,0.801,1
P04032,2026-02-02,Xbox,LATAM,1.175,0
P04033,2026-01-01,PC,NA-West,1.421,0
P04034,2026-03-10,PC,EU,1.065,0
P04035,2026-01-06,PC,LATAM,0.952,0
P04036,2026-03-21,PC,NA-West,0.754,1
P04037,2026-02-22,Xbox,EU,1.099,0
P04038,2026-03-11,PC,EU,0.669,0
P04039,2026-01-28,Xbox,LATAM,0.945,0
P04040,2026-03-19,Xbox,LATAM,0.602,1
P04041,2026-02-04,PS5,NA-East,0.896,1
P04042,2026-02-19,PS5,EU,0.669,0
P04043,2026-03-01,PS5,LATAM,1.165,1
P04044,2026-03-07,PS5,LATAM,1.058,0
P04045,2026-01-29,PS5,NA-East,0.528,0
P04046,2026-02-25,PS5,EU,1.556,1
P04047,2026-01-06,PS5,NA-West,1.294,0
P04048,2026-02-05,PS5,NA-West,0.456,0
P04049,2026-01-20,Xbox,LATAM,1.152,0
P04050,2026-03-02,PS5,EU,0.917,0
P04051,2026-01-15,PS5,EU,0.928,0
P04052,2026-03-29,PC,NA-West,0.796,0
P04053,2026-02-10,PS5,EU,1.097,0
P04054,2026-02-23,PC,NA-West,1.273,0
P04055,2026-02-24,Xbox,LATAM,1.493,0
P04056,2026-02-05,PS5,EU,1.184,0
P04057,2026-01-27,PC,NA-East,1.809,1
P04058,2026-01-24,Xbox,NA-East,1.134,0
P04059,2026-03-09,PC,LATAM,1.555,0
P04060,2026-01-20,PS5,EU,0.945,0
P04061,2026-03-14,Xbox,NA-East,0.813,0
P04062,2026-01-20,PC,NA-West,1.035,0
P04063,2026-01-16,Xbox,NA-East,0.606,0
P04064,2026-01-22,Xbox,NA-East,1.073,1
P04065,2026-02-24,Xbox,LATAM,0.887,1
P04066,2026-03-12,PS5,EU,0.925,0
P04067,2026-01-10,PS5,EU,0.735,0
P04068,2026-03-17,Xbox,NA-East,0.2,0
P04069,2026-01-27,Xbox,NA-East,0.874,0
P04070,2026-03-19,PS5,LATAM,1.431,1
P04071,2026-03-12,Xbox,LATAM,1.068,0
P04072,2026-03-09,PC,LATAM,1.201,0
P04073,2026-01-20,PC,NA-West,1.027,1
P04074,2026-03-22,Xbox,EU,1.108,0
P04075,2026-03-12,PC,LATAM,1.318,0
P04076,2026-01-13,PC,LATAM,0.813,1
P04077,2026-02-21,Xbox,NA-East,0.549,0
P04078,2026-01-07,PS5,NA-West,0.821,0
P04079,2026-01-19,PC,NA-West,0.636,1
P04080,2026-04-01,PS5,EU,0.2,0
P04081,2026-02-28,PS5,NA-East,1.23,0
P04082,2026-02-11,Xbox,NA-West,0.532,0
P04083,2026-01-25,PC,LATAM,0.718,0
P04084,2026-01-13,Xbox,NA-West,1.067,0
P04085,2026-02-12,PS5,LATAM,0.944,0
P04086,2026-01-05,Xbox,LATAM,0.686,0
P04087,2026-03-28,PS5,EU,1.178,0
P04088,2026-02-09,PC,NA-East,0.719,0
P04089,2026-02-09,PC,NA-East,1.674,0
P04090,2026-01-30,PC,NA-West,1.615,0
P04091,2026-02-26,PS5,NA-East,1.371,0
P04092,2026-03-16,PS5,LATAM,0.538,0
P04093,2026-01-19,Xbox,EU,1.106,1
P04094,2026-03-07,PS5,EU,0.906,1
P04095,2026-01-30,PS5,EU,1.155,0
P04096,2026-01-09,Xbox,EU,0.25,0
P04097,2026-03-05,PC,EU,0.761,0
P04098,2026-03-05,PC,NA-West,0.635,0
P04099,2026-01-30,Xbox,NA-West,1.277,0
P04100,2026-01-18,Xbox,EU,0.862,0
P04101,2026-03-26,PC,NA-West,0.93,1
P04102,2026-01-12,PS5,NA-East,0.22,1
P04103,2026-03-22,Xbox,LATAM,0.97,0
P04104,2026-01-04,PS5,EU,1.726,0
P04105,2026-03-02,Xbox,NA-East,0.912,0
P04106,2026-03-22,Xbox,NA-East,0.605,0
P04107,2026-03-04,Xbox,NA-East,0.91,1
P04108,2026-02-26,PC,NA-West,1.057,1
P04109,2026-03-27,PC,EU,1.375,0
P04110,2026-01-13,PS5,LATAM,1.082,1
P04111,2026-01-08,Xbox,NA-West,0.925,0
P04112,2026-02-27,PC,NA-West,0.866,0
P04113,2026-02-06,PC,NA-East,0.39,0
P04114,2026-02-24,Xbox,NA-East,1.482,0
P04115,2026-03-24,PC,NA-East,0.528,0
P04116,2026-01-25,PC,LATAM,0.669,0
P04117,2026-02-22,PC,EU,0.87,0
P04118,2026-01-31,PC,NA-West,0.889,0
P04119,2026-01-17,PC,EU,1.362,0
P04120,2026-03-11,PC,LATAM,1.727,0
P04121,2026-03-12,PS5,NA-East,1.067,1
P04122,2026-02-27,Xbox,EU,0.765,0
P04123,2026-02-21,Xbox,NA-West,1.212,1
P04124,2026-02-14,PS5,EU,1.275,0
P04125,2026-02-09,PC,NA-East,1.406,0
P04126,2026-02-01,PC,NA-East,0.817,0
P04127,2026-02-15,Xbox,EU,0.953,0
P04128,2026-01-21,PS5,LATAM,0.741,0
P04129,2026-02-03,PC,NA-East,1.112,0
P04130,2026-03-12,Xbox,EU,0.582,1
P04131,2026-01-27,PS5,EU,1.3,0
P04132,2026-02-02,PC,NA-West,1.25,0
P04133,2026-03-10,PS5,NA-West,1.002,0
P04134,2026-01-09,PS5,NA-East,0.994,0
P04135,2026-03-03,PC,EU,0.827,1
P04136,2026-02-03,Xbox,LATAM,0.847,0
P04137,2026-02-10,Xbox,NA-East,1.043,0
P04138,2026-03-16,PS5,LATAM,0.885,0
P04139,2026-03-07,PS5,NA-East,1.186,1
P04140,2026-03-31,PC,EU,0.2,0
P04141,2026-01-11,PS5,NA-West,0.627,1
P04142,2026-03-10,PC,LATAM,0.578,0
P04143,2026-01-10,Xbox,LATAM,0.849,0
P04144,2026-02-10,PS5,NA-East,0.837,0
P04145,2026-03-12,PS5,NA-West,0.986,0
P04146,2026-01-10,Xbox,NA-West,0.81,1
P04147,2026-01-05,PC,LATAM,1.218,0
P04148,2026-03-24,Xbox,NA-East,0.886,0
P04149,2026-01-18,PC,EU,1.283,0
P04150,2026-01-04,PC,EU,0.671,1
P04151,2026-02-10,PC,NA-East,0.967,0
P04152,2026-02-21,Xbox,NA-West,0.764,1
P04153,2026-01-18,PS5,NA-West,0.985,0
P04154,2026-03-17,PC,EU,1.353,0
P04155,2026-03-25,Xbox,NA-East,1.878,0
P04156,2026-01-15,PS5,NA-West,1.014,0
P04157,2026-01-13,PS5,NA-West,1.177,0
P04158,2026-01-15,Xbox,EU,1.059,0
P04159,2026-02-22,PC,EU,0.865,0
P04160,2026-02-21,Xbox,LATAM,0.811,1
P04161,2026-01-01,PS5,LATAM,1.215,1
P04162,2026-01-23,Xbox,EU,0.984,0
P04163,2026-02-28,PC,EU,0.741,0
P04164,2026-03-12,Xbox,LATAM,0.784,0
P04165,2026-02-15,PS5,NA-West,0.501,0
P04166,2026-02-21,PC,EU,0.783,0
P04167,2026-02-19,PC,NA-East,1.326,0
P04168,2026-02-23,PS5,EU,0.857,0
P04169,2026-02-21,PC,EU,1.316,0
P04170,2026-02-04,Xbox,EU,1.311,0
P04171,2026-02-13,Xbox,LATAM,1.119,1
P04172,2026-03-23,PS5,NA-West,1.336,0
P04173,2026-01-26,PS5,LATAM,1.394,0
P04174,2026-01-20,PC,NA-West,0.906,0
P04175,2026-03-24,PC,NA-West,0.883,0
P04176,2026-01-28,Xbox,EU,1.268,0
P04177,2026-02-24,PS5,NA-East,1.011,1
P04178,2026-03-10,Xbox,NA-West,1.272,0
P04179,2026-03-11,PC,EU,1.033,0
P04180,2026-03-28,PS5,NA-West,1.138,0
P04181,2026-01-12,PC,LATAM,1.074,1
P04182,2026-01-08,PC,NA-East,0.792,0
P04183,2026-03-20,Xbox,NA-East,0.644,0
P04184,2026-01-18,PC,NA-East,0.788,1
P04185,2026-01-16,PC,EU,1.35,0
P04186,2026-02-26,PS5,NA-West,0.753,0
P04187,2026-03-23,PS5,EU,1.345,0
P04188,2026-01-27,PC,LATAM,1.198,0
P04189,2026-03-16,PS5,NA-East,1.299,0
P04190,2026-03-15,PC,NA-East,0.948,1
P04191,2026-02-22,PS5,LATAM,0.899,0
P04192,2026-02-22,PS5,NA-West,0.501,1
P04193,2026-01-29,PS5,NA-East,0.927,0
P04194,2026-03-15,Xbox,NA-West,1.349,0
P04195,2026-02-04,PC,NA-West,0.989,0
P04196,2026-02-04,Xbox,LATAM,1.24,0
P04197,2026-03-26,PS5,NA-East,1.272,0
P04198,2026-03-14,PC,NA-East,0.485,0
P04199,2026-02-25,PC,EU,0.756,0
P04200,2026-01-12,PS5,NA-East,1.04,0
P04201,2026-01-07,PC,NA-East,1.296,0
P04202,2026-03-13,PS5,NA-East,1.177,0
P04203,2026-03-11,PC,NA-East,1.581,0
P04204,2026-01-19,PC,EU,1.487,0
P04205,2026-02-12,PC,NA-East,0.912,1
P04206,2026-01-26,PS5,NA-East,1.111,0
P04207,2026-03-17,PS5,NA-East,1.639,1
P04208,2026-03-03,PC,LATAM,1.443,1
P04209,2026-01-18,Xbox,EU,1.032,0
P04210,2026-01-03,PS5,NA-East,1.298,0
P04211,2026-03-08,PS5,NA-East,0.52,0
P04212,2026-03-10,PS5,NA-West,0.521,0
P04213,2026-03-31,PC,LATAM,1.718,0
P04214,2026-03-07,PS5,NA-West,0.768,0
P04215,2026-01-31,PC,LATAM,0.2,0
P04216,2026-01-15,Xbox,EU,0.813,0
P04217,2026-03-24,PC,NA-East,1.187,0
P04218,2026-01-11,PC,LATAM,1.215,0
P04219,2026-02-25,PC,LATAM,1.219,0
P04220,2026-02-14,PC,LATAM,0.348,1
P04221,2026-01-10,PS5,LATAM,1.496,0
P04222,2026-01-09,Xbox,EU,1.359,0
P04223,2026-02-15,Xbox,NA-West,0.574,0
P04224,2026-01-04,Xbox,EU,0.681,0
P04225,2026-02-14,PC,EU,1.724,0
P04226,2026-03-06,PC,LATAM,0.944,0
P04227,2026-01-12,PC,EU,0.666,0
P04228,2026-01-04,PS5,NA-East,0.96,0
P04229,2026-01-11,PS5,NA-East,0.646,1
P04230,2026-01-01,Xbox,LATAM,1.34,0
P04231,2026-02-03,PS5,NA-East,1.526,0
P04232,2026-01-01,PS5,LATAM,1.963,0
P04233,2026-01-08,PC,LATAM,0.511,0
P04234,2026-01-19,PC,NA-East,1.358,1
P04235,2026-03-26,Xbox,NA-West,1.134,1
P04236,2026-03-13,PS5,LATAM,1.032,0
P04237,2026-01-20,Xbox,EU,0.675,1
P04238,2026-02-04,Xbox,EU,1.471,0
P04239,2026-01-15,PC,NA-East,1.101,0
P04240,2026-02-14,PS5,NA-West,0.674,0
P04241,2026-02-26,Xbox,NA-West,1.189,0
P04242,2026-01-01,PC,EU,1.097,0
P04243,2026-03-13,PS5,NA-West,1.469,1
P04244,2026-03-11,PS5,NA-East,1.135,0
P04245,2026-02-12,PS5,NA-West,1.007,0
P04246,2026-03-07,Xbox,EU,1.011,0
P04247,2026-03-13,Xbox,NA-West,0.675,0
P04248,2026-01-23,Xbox,NA-West,1.36,1
P04249,2026-01-29,Xbox,NA-East,1.016,0
P04250,2026-01-30,PC,NA-West,0.547,1
P04251,2026-03-26,PS5,EU,0.448,0
P04252,2026-01-31,Xbox,NA-East,1.155,0
P04253,2026-02-12,PS5,EU,0.2,0
P04254,2026-02-09,PS5,NA-West,0.977,0
P04255,2026-01-01,PS5,NA-East,1.24,0
P04256,2026-02-15,Xbox,LATAM,1.333,0
P04257,2026-01-09,PS5,LATAM,0.952,0
P04258,2026-02-27,PC,NA-East,1.013,0
P04259,2026-01-19,PC,LATAM,0.855,0
P04260,2026-01-09,PC,NA-West,0.774,1
P04261,2026-03-23,PS5,LATAM,1.282,0
P04262,2026-01-21,PS5,EU,0.567,0
P04263,2026-03-05,PC,EU,1.14,0
P04264,2026-01-31,PC,NA-West,0.971,0
P04265,2026-01-01,PS5,NA-West,1.029,0
P04266,2026-02-12,PS5,NA-East,0.543,1
P04267,2026-02-13,Xbox,NA-East,0.886,0
P04268,2026-03-05,PC,EU,0.685,0
P04269,2026-02-27,PC,NA-West,2.0,0
P04270,2026-03-21,PS5,EU,1.146,0
P04271,2026-01-29,Xbox,NA-West,1.179,0
P04272,2026-01-29,PC,LATAM,1.068,0
P04273,2026-03-30,PC,NA-East,0.887,0
P04274,2026-01-21,PC,EU,0.468,0
P04275,2026-03-01,PC,EU,0.421,0
P04276,2026-03-17,Xbox,NA-West,1.16,0
P04277,2026-01-01,PS5,NA-East,0.2,0
P04278,2026-01-16,Xbox,NA-East,1.247,0
P04279,2026-02-15,PS5,NA-East,1.2,0
P04280,2026-01-07,PC,NA-West,1.203,0
P04281,2026-01-29,Xbox,NA-East,0.596,1
P04282,2026-03-24,Xbox,EU,1.545,0
P04283,2026-02-18,PS5,EU,1.408,0
P04284,2026-01-09,Xbox,EU,0.666,1
P04285,2026-02-27,PC,NA-West,0.571,1
P04286,2026-02-14,PC,NA-West,0.861,0
P04287,2026-02-19,Xbox,NA-East,0.77,0
P04288,2026-02-18,PC,LATAM,0.86,1
P04289,2026-01-16,PS5,NA-West,0.367,0
P04290,2026-03-31,Xbox,LATAM,1.671,0
P04291,2026-02-24,PS5,NA-East,1.542,0
P04292,2026-03-26,PS5,NA-East,0.267,1
P04293,2026-03-15,Xbox,EU,1.08,0
P04294,2026-01-08,Xbox,NA-East,0.885,1
P04295,2026-02-01,PS5,LATAM,1.156,1
P04296,2026-03-22,PC,EU,1.227,0
P04297,2026-01-20,Xbox,EU,1.129,0
P04298,2026-01-10,Xbox,EU,1.232,0
P04299,2026-02-17,PC,NA-East,0.339,1
P04300,2026-01-20,PC,NA-East,0.82,0
P04301,2026-02-01,PC,NA-West,0.696,0
P04302,2026-03-31,PS5,LATAM,0.922,0
P04303,2026-03-26,PS5,NA-West,0.521,0
P04304,2026-03-03,PS5,NA-East,1.014,0
P04305,2026-03-12,PS5,EU,1.159,0
P04306,2026-02-13,PC,NA-East,1.622,0
P04307,2026-02-05,PS5,EU,0.957,0
P04308,2026-02-24,PS5,NA-West,0.825,0
P04309,2026-02-17,PC,EU,1.18,0
P04310,2026-02-14,PC,LATAM,1.117,0
P04311,2026-02-16,PS5,LATAM,0.858,0
P04312,2026-02-03,Xbox,LATAM,0.588,0
P04313,2026-02-05,Xbox,EU,1.18,0
P04314,2026-01-03,PS5,NA-East,0.829,0
P04315,2026-03-16,PS5,LATAM,1.311,0
P04316,2026-02-12,Xbox,NA-East,1.123,0
P04317,2026-01-17,Xbox,LATAM,1.003,0
P04318,2026-01-30,Xbox,LATAM,0.965,0
P04319,2026-01-28,PC,NA-East,0.967,1
P04320,2026-01-15,Xbox,EU,0.777,0
P04321,2026-01-24,PS5,LATAM,1.139,0
P04322,2026-03-30,Xbox,NA-East,1.498,0
P04323,2026-02-14,PS5,NA-West,1.552,0
P04324,2026-03-08,PS5,NA-East,0.869,1
P04325,2026-03-25,PS5,LATAM,0.856,0
P04326,2026-01-19,Xbox,NA-West,1.035,0
P04327,2026-03-14,PC,LATAM,0.912,0
P04328,2026-02-26,Xbox,NA-West,1.231,0
P04329,2026-03-08,PC,NA-West,0.971,0
P04330,2026-01-20,PC,EU,1.842,0
P04331,2026-02-04,Xbox,NA-West,1.452,1
P04332,2026-01-28,Xbox,LATAM,0.661,1
P04333,2026-03-07,Xbox,LATAM,1.483,1
P04334,2026-03-23,PC,EU,1.204,0
P04335,2026-02-02,PS5,NA-West,0.775,1
P04336,2026-02-17,Xbox,NA-East,1.246,0
P04337,2026-01-25,PC,NA-West,1.298,0
P04338,2026-03-25,PC,NA-East,1.7,0
P04339,2026-02-07,Xbox,NA-East,0.691,0
P04340,2026-01-07,Xbox,NA-East,1.088,1
P04341,2026-03-23,PS5,NA-West,1.259,1
P04342,2026-02-21,PC,NA-West,0.687,0
P04343,2026-01-25,PS5,NA-West,0.495,0
P04344,2026-02-28,PC,NA-East,0.824,0
P04345,2026-01-02,PS5,LATAM,1.284,0
P04346,2026-01-15,Xbox,EU,0.358,1
P04347,2026-03-19,Xbox,NA-East,1.713,0
P04348,2026-03-19,Xbox,NA-West,0.559,0
P04349,2026-01-14,Xbox,LATAM,0.847,0
P04350,2026-03-08,Xbox,LATAM,1.17,0
P04351,2026-02-19,Xbox,NA-West,0.573,0
P04352,2026-01-21,PC,EU,0.659,0
P04353,2026-02-12,PS5,NA-West,1.426,0
P04354,2026-03-24,PS5,EU,0.548,0
P04355,2026-01-20,PC,NA-West,0.747,0
P04356,2026-03-17,PS5,NA-West,1.054,0
P04357,2026-03-26,Xbox,LATAM,1.247,0
P04358,2026-01-06,PS5,LATAM,1.286,0
P04359,2026-03-04,PC,NA-East,0.811,0
P04360,2026-03-07,PS5,NA-West,0.889,0
P04361,2026-02-19,Xbox,NA-West,0.594,1
P04362,2026-01-09,Xbox,NA-East,0.587,0
P04363,2026-01-17,PS5,LATAM,1.238,0
P04364,2026-01-31,PC,NA-East,1.439,0
P04365,2026-03-14,Xbox,NA-East,1.161,0
P04366,2026-01-29,PC,LATAM,0.479,0
P04367,2026-03-02,PC,NA-East,0.442,0
P04368,2026-03-06,Xbox,LATAM,0.919,0
P04369,2026-02-19,PC,NA-East,1.194,1
P04370,2026-01-11,PC,EU,1.067,1
P04371,2026-02-07,Xbox,NA-East,0.816,0
P04372,2026-03-26,Xbox,LATAM,0.354,0
P04373,2026-01-13,Xbox,LATAM,1.031,0
P04374,2026-03-28,PC,LATAM,0.566,0
P04375,2026-03-20,PS5,LATAM,0.449,0
P04376,2026-01-06,PS5,NA-West,0.562,0
P04377,2026-02-04,PS5,NA-West,1.481,1
P04378,2026-02-06,PS5,EU,1.966,0
P04379,2026-02-28,PC,NA-West,0.375,0
P04380,2026-03-16,Xbox,NA-East,1.24,0
P04381,2026-02-16,PC,LATAM,0.861,0
P04382,2026-01-15,Xbox,NA-East,0.687,1
P04383,2026-02-12,PC,NA-East,1.53,0
P04384,2026-01-20,PC,NA-West,0.924,0
P04385,2026-03-13,PS5,LATAM,0.784,0
P04386,2026-03-18,PC,NA-West,0.571,0
P04387,2026-03-06,PS5,NA-East,0.762,0
P04388,2026-01-14,Xbox,NA-East,0.925,0
P04389,2026-02-19,Xbox,LATAM,1.035,0
P04390,2026-02-19,PC,NA-West,1.318,0
P04391,2026-01-27,PS5,NA-West,1.954,0
P04392,2026-02-22,Xbox,NA-West,0.826,0
P04393,2026-03-10,Xbox,NA-West,0.655,0
P04394,2026-03-05,PC,NA-East,0.86,0
P04395,2026-03-28,PS5,NA-East,0.961,1
P04396,2026-03-27,PS5,NA-East,0.986,0
P04397,2026-03-13,PC,LATAM,1.028,0
P04398,2026-02-21,PC,NA-West,1.226,0
P04399,2026-02-10,PC,LATAM,1.543,0
P04400,2026-01-26,PC,NA-East,1.057,0
P04401,2026-03-17,Xbox,NA-West,1.614,1
P04402,2026-02-26,PS5,NA-East,0.441,0
P04403,2026-03-24,Xbox,EU,1.252,1
P04404,2026-03-11,PC,NA-East,1.347,0
P04405,2026-01-30,PC,LATAM,1.26,0
P04406,2026-01-12,PC,NA-East,1.017,0
P04407,2026-01-11,Xbox,LATAM,1.121,0
P04408,2026-02-14,Xbox,EU,1.423,0
P04409,2026-03-31,PC,EU,1.595,0
P04410,2026-01-29,PC,NA-East,1.588,0
P04411,2026-03-29,Xbox,NA-West,0.769,1
P04412,2026-03-20,Xbox,LATAM,0.264,0
P04413,2026-02-07,Xbox,NA-East,1.155,0
P04414,2026-01-18,PS5,LATAM,0.763,0
P04415,2026-02-15,PC,LATAM,0.647,0
P04416,2026-02-24,Xbox,LATAM,0.303,0
P04417,2026-01-17,PC,LATAM,0.761,0
P04418,2026-02-25,Xbox,EU,0.269,1
P04419,2026-03-25,Xbox,NA-West,0.518,0
P04420,2026-02-21,PS5,LATAM,1.097,0
P04421,2026-03-07,Xbox,NA-West,1.205,0
P04422,2026-02-20,PS5,NA-West,1.301,1
P04423,2026-03-24,Xbox,NA-East,0.409,0
P04424,2026-03-16,Xbox,NA-East,0.45,0
P04425,2026-02-13,PC,LATAM,0.712,0
P04426,2026-03-19,PC,NA-West,1.176,0
P04427,2026-02-17,PS5,NA-East,1.418,0
P04428,2026-04-01,PS5,NA-East,1.271,0
P04429,2026-02-19,PC,NA-East,0.787,0
P04430,2026-01-18,PS5,LATAM,0.28,0
P04431,2026-01-12,Xbox,NA-East,0.631,0
P04432,2026-02-09,Xbox,EU,0.902,0
P04433,2026-01-01,PS5,NA-West,0.956,0
P04434,2026-02-27,PS5,LATAM,0.32,0
P04435,2026-03-22,PC,NA-West,1.007,1
P04436,2026-01-14,Xbox,NA-East,0.976,0
P04437,2026-03-06,PS5,EU,0.619,1
P04438,2026-01-03,PS5,NA-West,0.591,0
P04439,2026-01-21,Xbox,NA-West,1.033,0
P04440,2026-03-23,PC,NA-East,0.68,0
P04441,2026-03-05,PC,EU,0.955,0
P04442,2026-02-19,PS5,LATAM,0.786,0
P04443,2026-03-02,PS5,NA-East,1.537,0
P04444,2026-02-11,PC,EU,0.39,0
P04445,2026-03-26,PS5,LATAM,1.325,0
P04446,2026-02-18,PC,EU,0.607,0
P04447,2026-02-02,PS5,NA-East,1.229,0
P04448,2026-03-25,Xbox,LATAM,0.601,0
P04449,2026-03-07,PS5,NA-West,1.184,0
P04450,2026-03-13,PS5,LATAM,0.986,0
P04451,2026-02-23,PS5,EU,1.12,0
P04452,2026-01-31,PS5,LATAM,1.393,1
P04453,2026-03-02,Xbox,EU,1.417,0
P04454,2026-03-25,Xbox,NA-West,0.47,0
P04455,2026-03-25,Xbox,LATAM,0.997,0
P04456,2026-03-30,PS5,NA-East,0.774,0
P04457,2026-02-09,Xbox,NA-East,0.948,0
P04458,2026-03-10,Xbox,NA-East,0.953,1
P04459,2026-01-26,Xbox,NA-West,0.852,1
P04460,2026-03-31,Xbox,LATAM,0.754,0
P04461,2026-03-17,PS5,NA-East,0.803,1
P04462,2026-01-04,Xbox,EU,1.176,1
P04463,2026-01-05,Xbox,NA-East,0.762,0
P04464,2026-02-13,Xbox,NA-East,1.222,0
P04465,2026-02-13,PS5,EU,1.018,0
P04466,2026-03-29,PC,LATAM,0.881,0
P04467,2026-02-12,Xbox,NA-East,1.237,1
P04468,2026-01-31,PS5,NA-West,0.747,0
P04469,2026-01-24,PC,LATAM,1.484,0
P04470,2026-02-18,PS5,NA-East,1.527,0
P04471,2026-03-09,PC,EU,0.837,0
P04472,2026-02-13,PS5,NA-East,1.26,0
P04473,2026-03-22,PC,NA-East,1.222,0
P04474,2026-02-08,Xbox,NA-West,0.817,0
P04475,2026-03-31,PC,LATAM,1.584,1
P04476,2026-01-14,PS5,EU,0.798,0
P04477,2026-01-18,PS5,EU,1.294,0
P04478,2026-01-22,PC,NA-West,1.019,0
P04479,2026-01-04,Xbox,LATAM,0.574,0
P04480,2026-01-02,PS5,NA-West,0.311,0
P04481,2026-02-25,PC,EU,1.037,0
P04482,2026-02-25,PS5,EU,0.972,0
P04483,2026-02-12,Xbox,NA-West,0.883,0
P04484,2026-01-17,PS5,LATAM,1.469,0
P04485,2026-01-13,PC,EU,1.817,0
P04486,2026-03-09,PC,EU,1.377,0
P04487,2026-01-12,PC,NA-West,0.722,0
P04488,2026-02-01,Xbox,NA-West,0.729,0
P04489,2026-01-31,PS5,EU,1.21,0
P04490,2026-02-26,Xbox,NA-East,0.838,1
P04491,2026-02-12,PS5,EU,0.979,0
P04492,2026-01-11,Xbox,EU,0.456,0
P04493,2026-03-20,PC,NA-East,0.459,0
P04494,2026-01-21,PS5,NA-East,0.762,0
P04495,2026-01-14,Xbox,NA-East,0.846,0
P04496,2026-03-01,PS5,NA-East,0.725,0
P04497,2026-01-28,PS5,NA-West,1.261,0
P04498,2026-01-11,PS5,NA-West,0.977,0
P04499,2026-01-20,PC,LATAM,1.26,0
P04500,2026-01-10,Xbox,LATAM,1.087,0
P04501,2026-03-03,PC,LATAM,1.062,0
P04502,2026-02-26,Xbox,NA-East,0.8,0
P04503,2026-01-26,PC,NA-East,1.263,0
P04504,2026-01-23,PS5,NA-West,1.605,0
P04505,2026-03-13,Xbox,EU,0.445,0
P04506,2026-01-08,PS5,LATAM,1.147,0
P04507,2026-01-07,PS5,NA-East,1.047,0
P04508,2026-01-27,PS5,EU,0.923,1
P04509,2026-01-09,PC,LATAM,0.453,0
P04510,2026-01-13,Xbox,NA-West,1.705,0
P04511,2026-01-10,PC,NA-West,1.556,1
P04512,2026-02-18,PC,NA-West,1.409,1
P04513,2026-01-31,PS5,NA-West,0.57,0
P04514,2026-03-12,PC,LATAM,0.967,0
P04515,2026-03-23,PC,NA-West,0.693,0
P04516,2026-03-28,Xbox,LATAM,0.927,0
P04517,2026-02-18,Xbox,EU,0.683,0
P04518,2026-02-24,PC,EU,0.893,1
P04519,2026-02-02,PC,LATAM,0.949,0
P04520,2026-02-28,Xbox,EU,1.196,0
P04521,2026-01-04,Xbox,EU,1.144,0
P04522,2026-01-28,PC,NA-East,0.585,0
P04523,2026-03-16,Xbox,EU,1.011,0
P04524,2026-02-16,Xbox,LATAM,0.653,0
P04525,2026-02-19,PS5,LATAM,1.209,0
P04526,2026-01-31,PC,LATAM,0.471,0
P04527,2026-02-24,PC,NA-West,1.019,0
P04528,2026-02-18,PC,NA-East,1.335,0
P04529,2026-03-05,Xbox,LATAM,1.042,0
P04530,2026-01-06,Xbox,EU,1.097,0
P04531,2026-01-09,PS5,NA-West,0.803,0
P04532,2026-01-27,Xbox,NA-East,0.998,1
P04533,2026-02-28,PS5,NA-West,0.864,0
P04534,2026-01-14,PC,NA-East,0.793,0
P04535,2026-03-10,PS5,EU,0.981,0
P04536,2026-02-02,Xbox,LATAM,0.74,0
P04537,2026-03-03,Xbox,NA-West,1.219,1
P04538,2026-02-05,Xbox,NA-West,0.609,0
P04539,2026-01-30,PS5,NA-West,0.948,0
P04540,2026-01-19,Xbox,NA-East,1.101,0
P04541,2026-01-22,PS5,NA-West,0.88,0
P04542,2026-01-06,Xbox,NA-West,1.094,0
P04543,2026-01-11,Xbox,NA-West,0.794,0
P04544,2026-01-16,Xbox,NA-East,0.929,0
P04545,2026-03-16,Xbox,NA-East,1.12,0
P04546,2026-03-03,Xbox,EU,0.806,0
P04547,2026-03-03,PS5,NA-East,1.364,0
P04548,2026-01-18,PS5,LATAM,1.141,0
P04549,2026-02-23,Xbox,NA-East,0.646,0
P04550,2026-01-02,Xbox,EU,0.628,0
P04551,2026-02-01,PC,NA-West,1.297,0
P04552,2026-02-16,PC,LATAM,1.19,0
P04553,2026-03-18,PS5,NA-East,0.878,1
P04554,2026-01-28,Xbox,NA-East,0.471,0
P04555,2026-01-22,PC,NA-East,0.944,0
P04556,2026-02-24,Xbox,NA-West,1.323,1
P04557,2026-01-29,PS5,NA-East,1.174,0
P04558,2026-01-31,Xbox,EU,1.428,1
P04559,2026-01-05,Xbox,NA-East,1.003,0
P04560,2026-03-28,PS5,EU,1.17,0
P04561,2026-02-12,PS5,NA-West,0.68,0
P04562,2026-03-17,PC,LATAM,0.37,0
P04563,2026-01-28,PS5,EU,0.839,0
P04564,2026-02-04,Xbox,NA-West,1.429,0
P04565,2026-01-09,PS5,LATAM,0.537,0
P04566,2026-01-23,Xbox,NA-West,1.137,0
P04567,2026-02-21,Xbox,LATAM,1.067,0
P04568,2026-03-18,PC,EU,0.981,0
P04569,2026-01-13,PC,NA-West,0.904,1
P04570,2026-03-02,Xbox,EU,0.653,0
P04571,2026-03-21,Xbox,EU,1.446,0
P04572,2026-03-16,PS5,NA-East,0.817,0
P04573,2026-03-20,PC,LATAM,0.828,0
P04574,2026-01-25,PC,LATAM,0.599,1
P04575,2026-01-09,Xbox,LATAM,1.217,1
P04576,2026-02-24,PC,NA-East,0.618,0
P04577,2026-01-29,Xbox,NA-West,0.745,0
P04578,2026-03-25,PS5,NA-East,1.101,0
P04579,2026-03-09,PC,NA-East,1.487,0
P04580,2026-02-01,PS5,EU,1.102,0
P04581,2026-01-13,PS5,EU,1.125,0
P04582,2026-02-07,PS5,NA-West,1.03,0
P04583,2026-03-27,PC,EU,1.528,1
P04584,2026-03-18,Xbox,NA-East,0.872,1
P04585,2026-03-07,PS5,LATAM,0.885,0
P04586,2026-01-02,PC,EU,0.652,0
P04587,2026-01-25,PC,NA-West,0.647,0
P04588,2026-02-10,PS5,EU,0.814,0
P04589,2026-03-29,PC,LATAM,0.921,0
P04590,2026-03-27,PC,NA-West,1.497,0
P04591,2026-02-10,Xbox,NA-West,0.835,1
P04592,2026-01-23,PS5,LATAM,1.018,0
P04593,2026-02-24,Xbox,EU,0.511,0
P04594,2026-03-10,PC,NA-East,0.662,0
P04595,2026-03-11,Xbox,NA-East,1.046,0
P04596,2026-01-30,PS5,NA-West,1.062,0
P04597,2026-02-18,Xbox,NA-West,0.805,0
P04598,2026-01-25,Xbox,NA-West,1.089,0
P04599,2026-02-02,Xbox,LATAM,1.086,0
P04600,2026-03-20,PS5,EU,0.997,0
P04601,2026-01-23,PC,LATAM,0.879,0
P04602,2026-01-18,PS5,EU,0.698,0
P04603,2026-01-03,Xbox,EU,0.714,0
P04604,2026-03-03,PC,LATAM,1.389,0
P04605,2026-03-19,PS5,NA-West,1.257,0
P04606,2026-01-13,PS5,NA-East,1.21,0
P04607,2026-01-16,PC,NA-East,1.138,0
P04608,2026-03-17,Xbox,LATAM,0.898,1
P04609,2026-02-05,Xbox,LATAM,1.572,0
P04610,2026-03-08,Xbox,EU,1.361,0
P04611,2026-02-22,Xbox,NA-East,0.882,0
P04612,2026-02-25,PS5,LATAM,0.873,0
P04613,2026-01-11,Xbox,EU,1.582,0
P04614,2026-02-27,PS5,LATAM,1.279,0
P04615,2026-02-11,Xbox,LATAM,1.318,0
P04616,2026-03-29,PS5,EU,1.335,0
P04617,2026-03-29,PC,EU,1.121,0
P04618,2026-03-23,PS5,NA-East,1.456,0
P04619,2026-02-05,Xbox,EU,0.655,0
P04620,2026-02-22,PC,LATAM,1.285,0
P04621,2026-01-06,PS5,NA-West,1.363,0
P04622,2026-02-25,Xbox,NA-West,1.594,0
P04623,2026-02-27,PC,EU,1.628,1
P04624,2026-03-29,Xbox,LATAM,1.276,0
P04625,2026-01-23,PS5,NA-East,1.025,0
P04626,2026-02-01,PC,LATAM,0.714,0
P04627,2026-01-07,Xbox,EU,0.89,0
P04628,2026-01-11,PC,LATAM,1.141,0
P04629,2026-02-18,Xbox,NA-West,0.882,1
P04630,2026-02-07,PS5,NA-West,0.741,0
P04631,2026-04-01,PS5,LATAM,0.676,1
P04632,2026-01-28,PC,NA-West,0.725,0
P04633,2026-01-28,PC,EU,0.988,1
P04634,2026-03-18,PC,NA-West,0.588,1
P04635,2026-01-10,PC,EU,0.908,0
P04636,2026-02-23,Xbox,NA-East,1.47,0
P04637,2026-01-29,PS5,EU,1.384,0
P04638,2026-03-01,Xbox,LATAM,0.641,0
P04639,2026-02-19,Xbox,EU,1.011,0
P04640,2026-03-07,Xbox,LATAM,0.422,0
P04641,2026-02-03,PS5,EU,1.191,0
P04642,2026-03-25,Xbox,EU,1.019,1
P04643,2026-02-15,PS5,EU,1.221,0
P04644,2026-01-04,PS5,LATAM,1.596,0
P04645,2026-03-13,PC,NA-East,0.922,0
P04646,2026-03-03,PS5,LATAM,0.712,0
P04647,2026-02-08,PS5,NA-West,1.26,0
P04648,2026-01-27,PC,NA-East,1.434,0
P04649,2026-02-05,PS5,LATAM,0.955,0
P04650,2026-03-06,Xbox,EU,1.34,1
P04651,2026-03-09,Xbox,LATAM,1.625,0
P04652,2026-02-13,Xbox,NA-West,1.743,0
P04653,2026-02-25,Xbox,NA-East,1.492,0
P04654,2026-01-05,Xbox,NA-East,0.995,1
P04655,2026-02-01,Xbox,EU,1.184,0
P04656,2026-01-10,Xbox,LATAM,1.471,0
P04657,2026-01-11,PS5,NA-West,1.139,0
P04658,2026-02-27,PS5,NA-East,1.066,0
P04659,2026-02-09,PC,LATAM,0.638,0
P04660,2026-03-27,Xbox,LATAM,1.559,0
P04661,2026-03-25,Xbox,NA-West,1.418,0
P04662,2026-01-03,PS5,LATAM,0.967,0
P04663,2026-03-18,Xbox,NA-East,0.945,0
P04664,2026-01-22,PC,NA-West,0.839,0
P04665,2026-01-24,PC,EU,0.235,0
P04666,2026-03-03,PS5,NA-West,0.793,0
P04667,2026-01-09,PC,NA-East,0.993,0
P04668,2026-02-18,PS5,NA-West,1.395,0
P04669,2026-03-17,Xbox,EU,1.141,0
P04670,2026-02-28,PC,NA-East,0.91,1
P04671,2026-03-19,Xbox,NA-West,0.987,0
P04672,2026-01-29,PC,EU,1.083,0
P04673,2026-03-10,PS5,LATAM,1.457,0
P04674,2026-03-05,PC,NA-West,0.845,0
P04675,2026-01-10,PC,EU,0.774,0
P04676,2026-01-26,PS5,EU,0.907,1
P04677,2026-01-11,Xbox,EU,0.498,0
P04678,2026-03-30,PS5,EU,1.325,0
P04679,2026-03-21,PS5,NA-East,1.429,0
P04680,2026-03-12,Xbox,NA-East,1.311,0
P04681,2026-02-14,Xbox,NA-West,1.011,0
P04682,2026-01-13,Xbox,NA-East,0.742,0
P04683,2026-01-06,Xbox,NA-East,0.878,0
P04684,2026-02-19,Xbox,NA-West,1.068,0
P04685,2026-01-21,PS5,LATAM,1.383,0
P04686,2026-01-31,Xbox,NA-East,1.672,0
P04687,2026-03-07,PC,EU,0.844,1
P04688,2026-01-12,PC,NA-West,0.9,1
P04689,2026-03-24,PC,NA-East,0.857,0
P04690,2026-01-05,PS5,NA-East,1.235,1
P04691,2026-03-10,PC,LATAM,1.47,0
P04692,2026-03-12,PS5,LATAM,0.804,1
P04693,2026-04-01,PS5,EU,0.47,0
P04694,2026-02-08,PC,NA-East,1.327,1
P04695,2026-03-20,PS5,NA-West,1.296,0
P04696,2026-02-09,Xbox,NA-East,0.672,0
P04697,2026-01-14,Xbox,LATAM,1.505,0
P04698,2026-01-12,Xbox,NA-West,1.739,1
P04699,2026-02-02,PS5,NA-West,1.383,0
P04700,2026-03-06,PC,LATAM,1.179,0
P04701,2026-03-23,PS5,LATAM,0.586,0
P04702,2026-01-04,PS5,NA-East,0.514,0
P04703,2026-01-02,Xbox,EU,0.857,0
P04704,2026-01-17,Xbox,NA-West,0.634,0
P04705,2026-01-04,PS5,EU,1.483,0
P04706,2026-03-20,PC,LATAM,0.816,0
P04707,2026-01-19,PS5,NA-West,0.884,0
P04708,2026-01-06,Xbox,NA-East,0.434,1
P04709,2026-01-19,PS5,NA-East,1.728,0
P04710,2026-01-06,PC,EU,0.98,1
P04711,2026-02-15,PS5,LATAM,1.419,0
P04712,2026-02-21,PS5,NA-East,0.831,0
P04713,2026-01-03,Xbox,EU,0.993,0
P04714,2026-03-30,PS5,EU,0.994,0
P04715,2026-02-15,Xbox,LATAM,0.829,0
P04716,2026-03-07,PS5,LATAM,0.325,0
P04717,2026-03-20,PC,LATAM,0.816,0
P04718,2026-01-07,PC,NA-East,0.841,0
P04719,2026-01-13,Xbox,LATAM,1.215,0
P04720,2026-02-05,Xbox,LATAM,0.536,0
P04721,2026-01-11,PC,NA-East,1.011,0
P04722,2026-01-16,Xbox,EU,1.035,0
P04723,2026-03-13,PS5,EU,1.273,1
P04724,2026-01-16,Xbox,NA-East,0.962,0
P04725,2026-01-30,PC,EU,0.935,0
P04726,2026-02-22,Xbox,EU,0.507,0
P04727,2026-01-17,PC,EU,0.808,0
P04728,2026-03-08,Xbox,LATAM,0.595,0
P04729,2026-02-12,Xbox,NA-West,0.625,0
P04730,2026-03-26,PC,NA-West,1.402,0
P04731,2026-01-22,PC,NA-West,0.845,0
P04732,2026-02-17,Xbox,EU,1.094,0
P04733,2026-02-08,PS5,LATAM,0.724,0
P04734,2026-03-06,PS5,EU,1.848,0
P04735,2026-01-29,PS5,EU,0.725,0
P04736,2026-03-02,PS5,NA-West,0.928,1
P04737,2026-03-03,Xbox,EU,0.859,0
P04738,2026-01-21,PS5,EU,1.482,0
P04739,2026-02-28,Xbox,NA-East,1.146,0
P04740,2026-02-07,PC,LATAM,1.34,0
P04741,2026-01-16,Xbox,LATAM,1.27,0
P04742,2026-02-12,PS5,EU,1.078,1
P04743,2026-02-15,PC,LATAM,1.067,0
P04744,2026-03-18,PC,NA-East,0.266,0
P04745,2026-01-27,PC,NA-East,0.754,0
P04746,2026-02-20,PC,EU,1.143,0
P04747,2026-03-25,PS5,NA-West,0.862,0
P04748,2026-02-05,PC,EU,1.036,0
P04749,2026-03-18,Xbox,NA-East,1.17,0
P04750,2026-03-08,Xbox,NA-East,1.038,0
P04751,2026-03-23,PS5,NA-East,1.655,0
P04752,2026-01-26,PC,EU,1.375,0
P04753,2026-02-26,Xbox,LATAM,0.995,0
P04754,2026-03-04,PS5,EU,1.256,0
P04755,2026-01-03,PS5,NA-East,0.739,0
P04756,2026-02-25,Xbox,LATAM,0.725,0
P04757,2026-01-18,PS5,NA-West,0.89,0
P04758,2026-03-31,Xbox,NA-East,1.177,0
P04759,2026-03-30,PS5,LATAM,1.246,0
P04760,2026-03-22,Xbox,EU,1.18,0
P04761,2026-01-22,PS5,EU,1.715,0
P04762,2026-03-25,PC,NA-East,1.129,0
P04763,2026-02-28,PC,NA-East,0.835,0
P04764,2026-02-19,Xbox,EU,1.112,0
P04765,2026-03-24,PS5,NA-East,0.712,0
P04766,2026-03-20,PS5,EU,1.012,1
P04767,2026-03-14,Xbox,NA-East,0.73,0
P04768,2026-02-17,Xbox,EU,0.862,0
P04769,2026-02-09,PC,NA-East,0.833,0
P04770,2026-02-05,Xbox,NA-West,0.84,0
P04771,2026-03-24,PS5,LATAM,0.765,0
P04772,2026-02-14,PC,LATAM,0.777,1
P04773,2026-02-11,Xbox,NA-West,0.842,0
P04774,2026-02-09,Xbox,LATAM,1.102,0
P04775,2026-01-14,Xbox,NA-West,0.814,0
P04776,2026-01-01,Xbox,NA-East,1.133,0
P04777,2026-03-30,PS5,NA-West,1.04,1
P04778,2026-03-01,Xbox,NA-East,0.2,1
P04779,2026-02-12,PC,EU,0.758,0
P04780,2026-02-03,Xbox,EU,1.008,0
P04781,2026-03-03,PS5,LATAM,1.218,0
P04782,2026-02-13,PS5,EU,0.867,0
P04783,2026-03-23,Xbox,EU,0.844,0
P04784,2026-02-17,PS5,NA-West,0.523,0
P04785,2026-01-19,PS5,NA-East,0.2,0
P04786,2026-03-28,PS5,LATAM,1.0,0
P04787,2026-02-08,Xbox,NA-East,1.165,0
P04788,2026-02-21,Xbox,EU,1.592,0
P04789,2026-01-16,PC,NA-West,1.06,0
P04790,2026-03-25,PS5,NA-East,1.115,0
P04791,2026-03-01,Xbox,LATAM,1.284,0
P04792,2026-01-13,Xbox,LATAM,0.973,0
P04793,2026-03-30,Xbox,EU,1.008,0
P04794,2026-03-15,Xbox,NA-West,0.945,0
P04795,2026-02-06,PC,NA-East,0.584,0
P04796,2026-01-25,PC,NA-East,0.731,0
P04797,2026-03-20,PC,NA-East,0.775,0
P04798,2026-01-05,Xbox,EU,1.361,0
P04799,2026-03-04,PC,EU,0.476,0
P04800,2026-01-13,PC,EU,0.563,0
P04801,2026-01-31,Xbox,LATAM,0.693,0
P04802,2026-03-28,PS5,LATAM,1.0,0
P04803,2026-02-17,Xbox,LATAM,1.452,0
P04804,2026-01-08,Xbox,NA-West,0.821,0
P04805,2026-01-11,PS5,NA-East,1.248,0
P04806,2026-03-20,PC,LATAM,1.279,0
P04807,2026-02-09,Xbox,NA-West,1.253,0
P04808,2026-03-28,Xbox,LATAM,1.269,0
P04809,2026-01-09,PC,NA-West,1.263,0
P04810,2026-03-27,PS5,NA-West,1.114,0
P04811,2026-03-22,PC,LATAM,0.692,0
P04812,2026-03-07,PC,LATAM,1.313,1
P04813,2026-03-02,Xbox,NA-East,1.31,0
P04814,2026-03-06,PS5,NA-East,1.28,0
P04815,2026-01-17,PC,NA-East,0.588,0
P04816,2026-03-26,PS5,NA-East,1.352,0
P04817,2026-03-16,Xbox,NA-West,0.5,0
P04818,2026-03-21,PS5,LATAM,1.232,0
P04819,2026-03-22,PS5,NA-West,0.765,0
P04820,2026-03-29,PC,NA-East,1.119,0
P04821,2026-03-30,Xbox,EU,0.332,0
P04822,2026-02-18,PC,EU,1.199,0
P04823,2026-01-27,Xbox,NA-East,0.522,0
P04824,2026-01-28,PS5,EU,0.2,0
P04825,2026-03-10,PS5,NA-East,1.051,0
P04826,2026-03-27,PC,EU,1.055,0
P04827,2026-02-01,PC,NA-East,1.099,1
P04828,2026-02-26,PS5,NA-East,1.116,1
P04829,2026-03-07,PS5,LATAM,0.397,0
P04830,2026-01-06,PS5,LATAM,0.994,0
P04831,2026-03-11,PC,EU,1.031,1
P04832,2026-02-23,PC,LATAM,0.697,0
P04833,2026-01-13,Xbox,LATAM,0.898,0
P04834,2026-03-26,Xbox,NA-West,0.873,1
P04835,2026-03-27,Xbox,EU,1.355,0
P04836,2026-02-02,PC,NA-East,0.705,0
P04837,2026-02-11,PC,NA-East,0.894,0
P04838,2026-02-02,Xbox,LATAM,1.13,0
P04839,2026-01-30,Xbox,NA-East,0.905,0
P04840,2026-03-18,Xbox,NA-East,0.89,0
P04841,2026-02-17,PS5,NA-West,0.85,0
P04842,2026-03-01,PC,NA-East,1.374,0
P04843,2026-02-01,PS5,NA-West,1.242,0
P04844,2026-02-13,PC,NA-West,1.339,0
P04845,2026-02-24,PC,LATAM,0.274,0
P04846,2026-02-05,Xbox,NA-West,0.807,0
P04847,2026-02-17,PS5,NA-West,0.436,0
P04848,2026-03-21,PS5,LATAM,0.979,0
P04849,2026-02-11,PS5,EU,1.238,0
P04850,2026-01-28,PC,NA-East,1.074,0
P04851,2026-01-11,PC,NA-West,0.745,0
P04852,2026-02-01,PS5,LATAM,1.169,0
P04853,2026-01-02,Xbox,LATAM,1.29,0
P04854,2026-03-05,PC,NA-West,1.352,1
P04855,2026-02-22,Xbox,EU,0.236,1
P04856,2026-02-02,PC,EU,1.458,0
P04857,2026-02-20,Xbox,EU,0.987,1
P04858,2026-02-27,Xbox,LATAM,0.797,0
P04859,2026-02-21,PS5,NA-East,0.324,1
P04860,2026-02-05,Xbox,LATAM,1.05,0
P04861,2026-03-27,Xbox,LATAM,1.368,0
P04862,2026-01-06,Xbox,LATAM,1.031,0
P04863,2026-02-27,PS5,EU,0.707,0
P04864,2026-02-13,Xbox,EU,1.007,0
P04865,2026-01-06,PS5,NA-West,0.535,0
P04866,2026-03-11,PC,EU,1.269,0
P04867,2026-01-21,Xbox,EU,0.616,0
P04868,2026-02-08,PC,NA-East,1.118,0
P04869,2026-03-03,PS5,EU,1.439,0
P04870,2026-02-16,PS5,EU,0.857,1
P04871,2026-03-07,PC,LATAM,0.646,0
P04872,2026-01-27,Xbox,NA-East,0.909,0
P04873,2026-03-16,Xbox,LATAM,1.416,0
P04874,2026-02-14,PS5,LATAM,0.997,0
P04875,2026-03-18,Xbox,LATAM,1.291,1
P04876,2026-03-08,Xbox,LATAM,1.242,1
P04877,2026-02-26,PS5,EU,1.546,0
P04878,2026-03-25,PS5,NA-West,1.126,1
P04879,2026-03-05,Xbox,LATAM,0.781,1
P04880,2026-01-11,PC,EU,1.353,1
P04881,2026-03-12,Xbox,NA-East,0.824,0
P04882,2026-03-25,PC,NA-West,1.249,0
P04883,2026-01-31,Xbox,NA-West,1.184,0
P04884,2026-02-18,Xbox,NA-East,1.351,0
P04885,2026-02-18,Xbox,NA-West,0.2,0
P04886,2026-01-01,PC,NA-West,0.741,0
P04887,2026-03-10,PC,EU,1.225,0
P04888,2026-03-06,PC,NA-East,0.777,0
P04889,2026-02-03,Xbox,EU,0.983,1
P04890,2026-03-03,PC,NA-East,1.06,0
P04891,2026-03-22,PC,EU,1.014,0
P04892,2026-02-14,Xbox,NA-East,1.738,0
P04893,2026-02-26,PC,EU,0.2,1
P04894,2026-01-04,PS5,LATAM,0.312,0
P04895,2026-01-04,Xbox,NA-West,0.956,0
P04896,2026-02-01,PC,NA-East,1.595,0
P04897,2026-02-11,PC,NA-West,0.2,0
P04898,2026-03-02,PC,LATAM,0.445,0
P04899,2026-03-31,PS5,EU,1.558,0
P04900,2026-01-23,Xbox,LATAM,0.848,0
P04901,2026-01-15,PC,NA-East,0.771,0
P04902,2026-01-03,PC,LATAM,0.755,1
P04903,2026-03-29,PC,NA-West,1.727,0
P04904,2026-03-25,PS5,EU,1.002,0
P04905,2026-02-04,PS5,NA-West,1.257,0
P04906,2026-03-31,PS5,LATAM,1.641,0
P04907,2026-03-01,PC,EU,0.757,1
P04908,2026-03-29,PS5,NA-West,0.839,0
P04909,2026-01-30,PS5,EU,1.238,0
P04910,2026-03-11,PC,NA-East,1.576,0
P04911,2026-02-17,PC,NA-West,0.592,0
P04912,2026-04-01,PC,EU,0.773,0
P04913,2026-03-18,PS5,NA-East,1.107,0
P04914,2026-03-26,PC,LATAM,0.596,1
P04915,2026-02-16,PS5,LATAM,1.16,0
P04916,2026-03-03,PC,EU,0.96,1
P04917,2026-01-17,PC,EU,1.651,1
P04918,2026-01-30,PS5,NA-East,0.742,0
P04919,2026-03-15,PS5,EU,0.86,0
P04920,2026-03-17,Xbox,EU,1.271,0
P04921,2026-01-16,Xbox,LATAM,1.595,1
P04922,2026-03-18,PS5,EU,1.035,0
P04923,2026-02-28,PS5,NA-West,0.775,1
P04924,2026-03-01,PC,LATAM,1.215,0
P04925,2026-03-18,PC,NA-East,1.7,1
P04926,2026-03-25,PS5,LATAM,0.2,0
P04927,2026-03-24,PS5,NA-West,0.434,0
P04928,2026-02-03,PC,EU,0.855,0
P04929,2026-03-21,PC,LATAM,1.337,0
P04930,2026-01-15,Xbox,EU,0.813,1
P04931,2026-03-08,PC,NA-East,1.338,0
P04932,2026-01-29,PC,EU,0.945,1
P04933,2026-03-02,PC,NA-East,0.682,0
P04934,2026-03-14,PS5,EU,0.89,0
P04935,2026-03-03,PC,LATAM,0.752,0
P04936,2026-03-30,PS5,NA-West,1.091,0
P04937,2026-01-29,PC,NA-East,0.596,0
P04938,2026-02-04,PC,NA-East,1.437,0
P04939,2026-01-19,Xbox,NA-East,0.836,0
P04940,2026-01-24,PC,EU,1.149,0
P04941,2026-02-12,PC,NA-East,0.2,0
P04942,2026-03-08,PC,NA-West,0.922,0
P04943,2026-03-20,PS5,EU,0.437,0
P04944,2026-03-15,Xbox,EU,0.747,0
P04945,2026-03-29,PS5,NA-East,0.536,0
P04946,2026-02-01,PC,NA-West,1.046,0
P04947,2026-01-21,PC,LATAM,0.98,0
P04948,2026-01-06,Xbox,NA-East,0.963,0
P04949,2026-04-01,PS5,LATAM,1.116,0
P04950,2026-03-24,Xbox,LATAM,0.926,1
P04951,2026-04-01,PC,EU,0.877,1
P04952,2026-02-01,Xbox,NA-West,1.344,0
P04953,2026-01-08,PS5,EU,0.964,0
P04954,2026-01-29,PC,LATAM,0.785,0
P04955,2026-02-05,Xbox,NA-West,0.898,0
P04956,2026-03-30,Xbox,NA-West,0.76,1
P04957,2026-01-26,Xbox,NA-East,1.007,0
P04958,2026-02-01,PS5,EU,1.398,0
P04959,2026-03-28,PC,LATAM,1.057,0
P04960,2026-01-23,PS5,NA-East,1.339,0
P04961,2026-03-10,PS5,NA-West,0.61,1
P04962,2026-01-30,PC,LATAM,0.823,1
P04963,2026-02-01,PC,LATAM,1.135,0
P04964,2026-02-16,PS5,NA-East,1.293,0
P04965,2026-02-04,PS5,NA-West,0.639,0
P04966,2026-03-24,PS5,LATAM,1.217,0
P04967,2026-01-11,PS5,NA-East,0.83,0
P04968,2026-01-30,PS5,NA-East,0.361,0
P04969,2026-02-01,PS5,NA-East,1.249,0
P04970,2026-01-29,PS5,NA-East,0.961,0
P04971,2026-03-02,PS5,EU,1.414,0
P04972,2026-01-16,PC,NA-West,1.275,0
P04973,2026-03-22,PS5,NA-West,0.42,0
P04974,2026-02-25,PC,EU,1.262,0
P04975,2026-02-25,PC,LATAM,1.015,0
P04976,2026-01-10,PC,EU,0.889,0
P04977,2026-03-26,Xbox,LATAM,0.521,0
P04978,2026-02-28,Xbox,NA-West,1.215,0
P04979,2026-02-24,PC,NA-East,1.805,1
P04980,2026-01-11,PS5,NA-East,1.516,0
P04981,2026-01-28,Xbox,NA-East,0.673,0
P04982,2026-01-27,PS5,NA-East,1.609,0
P04983,2026-02-01,Xbox,LATAM,0.838,0
P04984,2026-02-15,PS5,LATAM,1.548,0
P04985,2026-01-06,Xbox,LATAM,1.492,0
P04986,2026-02-21,PC,LATAM,1.024,0
P04987,2026-03-09,PC,LATAM,1.391,1
P04988,2026-01-01,PC,EU,0.837,0
P04989,2026-03-22,PS5,EU,1.084,1
P04990,2026-03-08,PC,NA-West,1.094,1
P04991,2026-02-21,Xbox,EU,0.313,0
P04992,2026-02-02,Xbox,NA-West,0.837,0
P04993,2026-01-11,Xbox,NA-East,0.974,0
P04994,2026-02-18,PS5,EU,0.447,1
P04995,2026-03-13,PC,NA-East,0.787,0
P04996,2026-02-15,Xbox,EU,0.705,0
P04997,2026-01-27,PC,NA-East,1.265,0
P04998,2026-03-25,PC,NA-East,0.567,0
P04999,2026-01-18,PS5,LATAM,0.611,1
P05000,2026-01-28,PS5,LATAM,1.024,0
